2025-07-22,0.00,[
  {
    "date": 1705190400,
    "totalLiquidityUSD": 11208493.87609
  },
  {
    "date": 1705276800,
    "totalLiquidityUSD": 11106389.76769
  },
  {
    "date": 1705363200,
    "totalLiquidityUSD": 11649642.10581
  },
  {
    "date": 1705449600,
    "totalLiquidityUSD": 11474698.28385
  },
  {
    "date": 1705536000,
    "totalLiquidityUSD": 12143669.95245
  },
  {
    "date": 1705622400,
    "totalLiquidityUSD": 13165820.66093
  },
  {
    "date": 1705708800,
    "totalLiquidityUSD": 29917427.76805
  },
  {
    "date": 1705795200,
    "totalLiquidityUSD": 31146957.25098
  },
  {
    "date": 1705881600,
    "totalLiquidityUSD": 31156733.92139
  },
  {
    "date": 1705968000,
    "totalLiquidityUSD": 29848221.27044
  },
  {
    "date": 1706054400,
    "totalLiquidityUSD": 30044278.03277
  },
  {
    "date": 1706140800,
    "totalLiquidityUSD": 30207659.45515
  },
  {
    "date": 1706227200,
    "totalLiquidityUSD": 30208387.55411
  },
  {
    "date": 1706313600,
    "totalLiquidityUSD": 32146448.86877
  },
  {
    "date": 1706400000,
    "totalLiquidityUSD": 31778186.99386
  },
  {
    "date": 1706486400,
    "totalLiquidityUSD": 31620511.79762
  },
  {
    "date": 1706572800,
    "totalLiquidityUSD": 32569879.66697
  },
  {
    "date": 1706659200,
    "totalLiquidityUSD": 33029506.24223
  },
  {
    "date": 1706745600,
    "totalLiquidityUSD": 32963670.23016
  },
  {
    "date": 1706832000,
    "totalLiquidityUSD": 34561063.08259
  },
  {
    "date": 1706918400,
    "totalLiquidityUSD": 34957586.45033
  },
  {
    "date": 1707004800,
    "totalLiquidityUSD": 34471803.19836
  },
  {
    "date": 1707091200,
    "totalLiquidityUSD": 34342875.51374
  },
  {
    "date": 1707177600,
    "totalLiquidityUSD": 34580046.07086
  },
  {
    "date": 1707264000,
    "totalLiquidityUSD": 39530125.65408
  },
  {
    "date": 1707350400,
    "totalLiquidityUSD": 42570642.91745
  },
  {
    "date": 1707436800,
    "totalLiquidityUSD": 44629491.87861
  },
  {
    "date": 1707523200,
    "totalLiquidityUSD": 48057310.70003
  },
  {
    "date": 1707609600,
    "totalLiquidityUSD": 50167916.47663
  },
  {
    "date": 1707696000,
    "totalLiquidityUSD": 51892096.07662
  },
  {
    "date": 1707782400,
    "totalLiquidityUSD": 56906557.88462
  },
  {
    "date": 1707868800,
    "totalLiquidityUSD": 62820728.24306
  },
  {
    "date": 1707955200,
    "totalLiquidityUSD": 65439864.94551
  },
  {
    "date": 1708041600,
    "totalLiquidityUSD": 67089728.94819
  },
  {
    "date": 1708128000,
    "totalLiquidityUSD": 69893129.74063
  },
  {
    "date": 1708214400,
    "totalLiquidityUSD": 73632190.78378
  },
  {
    "date": 1708300800,
    "totalLiquidityUSD": 75963855.5006
  },
  {
    "date": 1708387200,
    "totalLiquidityUSD": 79835238.05505
  },
  {
    "date": 1708473600,
    "totalLiquidityUSD": 80791939.22235
  },
  {
    "date": 1708560000,
    "totalLiquidityUSD": 82069444.4173
  },
  {
    "date": 1708646400,
    "totalLiquidityUSD": 82011026.24104
  },
  {
    "date": 1708732800,
    "totalLiquidityUSD": 82715174.27988
  },
  {
    "date": 1708819200,
    "totalLiquidityUSD": 83932002.55735
  },
  {
    "date": 1708905600,
    "totalLiquidityUSD": 86884642.53936
  },
  {
    "date": 1708992000,
    "totalLiquidityUSD": 93568465.98413
  },
  {
    "date": 1709078400,
    "totalLiquidityUSD": 99099069.83065
  },
  {
    "date": 1709164800,
    "totalLiquidityUSD": 106368577.24652
  },
  {
    "date": 1709251200,
    "totalLiquidityUSD": 105095913.64288
  },
  {
    "date": 1709337600,
    "totalLiquidityUSD": 107456362.92941
  },
  {
    "date": 1709424000,
    "totalLiquidityUSD": 107211911.83853
  },
  {
    "date": 1709510400,
    "totalLiquidityUSD": 107239132.44301
  },
  {
    "date": 1709596800,
    "totalLiquidityUSD": 113709310.26054
  },
  {
    "date": 1709683200,
    "totalLiquidityUSD": 111539807.23893
  },
  {
    "date": 1709769600,
    "totalLiquidityUSD": 120190189.09541
  },
  {
    "date": 1709856000,
    "totalLiquidityUSD": 119224942.8164
  },
  {
    "date": 1709942400,
    "totalLiquidityUSD": 122916794.23206
  },
  {
    "date": 1710028800,
    "totalLiquidityUSD": 124837610.13838
  },
  {
    "date": 1710115200,
    "totalLiquidityUSD": 128900244.66627
  },
  {
    "date": 1710201600,
    "totalLiquidityUSD": 141609258.31786
  },
  {
    "date": 1710288000,
    "totalLiquidityUSD": 132939186.16457
  },
  {
    "date": 1710374400,
    "totalLiquidityUSD": 140093870.32611
  },
  {
    "date": 1710460800,
    "totalLiquidityUSD": 153100817.31714
  },
  {
    "date": 1710547200,
    "totalLiquidityUSD": 150453828.77842
  },
  {
    "date": 1710633600,
    "totalLiquidityUSD": 145764995.59461
  },
  {
    "date": 1710720000,
    "totalLiquidityUSD": 150386965.46368
  },
  {
    "date": 1710806400,
    "totalLiquidityUSD": 148723730.34872
  },
  {
    "date": 1710892800,
    "totalLiquidityUSD": 138959602.63664
  },
  {
    "date": 1710979200,
    "totalLiquidityUSD": 149892403.52612
  },
  {
    "date": 1711065600,
    "totalLiquidityUSD": 151578009.92076
  },
  {
    "date": 1711152000,
    "totalLiquidityUSD": 156097571.87055
  },
  {
    "date": 1711238400,
    "totalLiquidityUSD": 160168324.2501
  },
  {
    "date": 1711324800,
    "totalLiquidityUSD": 168525656.48721
  },
  {
    "date": 1711411200,
    "totalLiquidityUSD": 182770901.24703
  },
  {
    "date": 1711497600,
    "totalLiquidityUSD": 186931686.2779
  },
  {
    "date": 1711584000,
    "totalLiquidityUSD": 196110486.45413
  },
  {
    "date": 1711670400,
    "totalLiquidityUSD": 205956912.55582
  },
  {
    "date": 1711756800,
    "totalLiquidityUSD": 328035576.98475
  },
  {
    "date": 1711843200,
    "totalLiquidityUSD": 354900872.33608
  },
  {
    "date": 1711929600,
    "totalLiquidityUSD": 364010478.37444
  },
  {
    "date": 1712016000,
    "totalLiquidityUSD": 359387134.34109
  },
  {
    "date": 1712102400,
    "totalLiquidityUSD": 345143408.17628
  },
  {
    "date": 1712188800,
    "totalLiquidityUSD": 349734685.18279
  },
  {
    "date": 1712275200,
    "totalLiquidityUSD": 376137511.70786
  },
  {
    "date": 1712361600,
    "totalLiquidityUSD": 404910097.2918
  },
  {
    "date": 1712448000,
    "totalLiquidityUSD": 424039137.76986
  },
  {
    "date": 1712534400,
    "totalLiquidityUSD": 430564508.61932
  },
  {
    "date": 1712620800,
    "totalLiquidityUSD": 546083177.19093
  },
  {
    "date": 1712707200,
    "totalLiquidityUSD": 534616364.39091
  },
  {
    "date": 1712793600,
    "totalLiquidityUSD": 553917075.25753
  },
  {
    "date": 1712880000,
    "totalLiquidityUSD": 550319689.73535
  },
  {
    "date": 1712966400,
    "totalLiquidityUSD": 639293813.45661
  },
  {
    "date": 1713052800,
    "totalLiquidityUSD": 626408868.14659
  },
  {
    "date": 1713139200,
    "totalLiquidityUSD": 629841989.56547
  },
  {
    "date": 1713225600,
    "totalLiquidityUSD": 637478607.45923
  },
  {
    "date": 1713312000,
    "totalLiquidityUSD": 643191679.88128
  },
  {
    "date": 1713398400,
    "totalLiquidityUSD": 656425342.20844
  },
  {
    "date": 1713484800,
    "totalLiquidityUSD": 673085909.69824
  },
  {
    "date": 1713571200,
    "totalLiquidityUSD": 679762711.52278
  },
  {
    "date": 1713657600,
    "totalLiquidityUSD": 695174445.96164
  },
  {
    "date": 1713744000,
    "totalLiquidityUSD": 725221221.49432
  },
  {
    "date": 1713830400,
    "totalLiquidityUSD": 733486053.67439
  },
  {
    "date": 1713916800,
    "totalLiquidityUSD": 740208318.4741
  },
  {
    "date": 1714003200,
    "totalLiquidityUSD": 751827931.82942
  },
  {
    "date": 1714089600,
    "totalLiquidityUSD": 765999708.5805
  },
  {
    "date": 1714176000,
    "totalLiquidityUSD": 759934679.06594
  },
  {
    "date": 1714262400,
    "totalLiquidityUSD": 761873389.59578
  },
  {
    "date": 1714348800,
    "totalLiquidityUSD": 765127726.5271
  },
  {
    "date": 1714435200,
    "totalLiquidityUSD": 759714380.07641
  },
  {
    "date": 1714521600,
    "totalLiquidityUSD": 743244512.50355
  },
  {
    "date": 1714608000,
    "totalLiquidityUSD": 733744756.61254
  },
  {
    "date": 1714694400,
    "totalLiquidityUSD": 738182546.86068
  },
  {
    "date": 1714780800,
    "totalLiquidityUSD": 748067243.46208
  },
  {
    "date": 1714867200,
    "totalLiquidityUSD": 751264911.0105
  },
  {
    "date": 1714953600,
    "totalLiquidityUSD": 761701635.97767
  },
  {
    "date": 1715040000,
    "totalLiquidityUSD": 760697247.52963
  },
  {
    "date": 1715126400,
    "totalLiquidityUSD": 756136172.74871
  },
  {
    "date": 1715212800,
    "totalLiquidityUSD": 745722461.68687
  },
  {
    "date": 1715299200,
    "totalLiquidityUSD": 755055365.20977
  },
  {
    "date": 1715385600,
    "totalLiquidityUSD": 742122147.54776
  },
  {
    "date": 1715472000,
    "totalLiquidityUSD": 742236755.147
  },
  {
    "date": 1715558400,
    "totalLiquidityUSD": 743158097.29509
  },
  {
    "date": 1715644800,
    "totalLiquidityUSD": 735966449.54027
  },
  {
    "date": 1715731200,
    "totalLiquidityUSD": 730274073.37103
  },
  {
    "date": 1715817600,
    "totalLiquidityUSD": 744920553.02488
  },
  {
    "date": 1715904000,
    "totalLiquidityUSD": 741855349.38583
  },
  {
    "date": 1715990400,
    "totalLiquidityUSD": 743510801.35739
  },
  {
    "date": 1716076800,
    "totalLiquidityUSD": 747315997.99489
  },
  {
    "date": 1716163200,
    "totalLiquidityUSD": 742969018.30995
  },
  {
    "date": 1716249600,
    "totalLiquidityUSD": 823925236.38793
  },
  {
    "date": 1716336000,
    "totalLiquidityUSD": 832637223.06711
  },
  {
    "date": 1716422400,
    "totalLiquidityUSD": 819344457.0979
  },
  {
    "date": 1716508800,
    "totalLiquidityUSD": 828040903.81455
  },
  {
    "date": 1716595200,
    "totalLiquidityUSD": 823636604.47224
  },
  {
    "date": 1716681600,
    "totalLiquidityUSD": 829556923.57183
  },
  {
    "date": 1716768000,
    "totalLiquidityUSD": 834020371.36245
  },
  {
    "date": 1716854400,
    "totalLiquidityUSD": 896182325.37829
  },
  {
    "date": 1716940800,
    "totalLiquidityUSD": 896164419.11619
  },
  {
    "date": 1717027200,
    "totalLiquidityUSD": 896881287.56994
  },
  {
    "date": 1717113600,
    "totalLiquidityUSD": 906654617.51727
  },
  {
    "date": 1717200000,
    "totalLiquidityUSD": 909437571.12459
  },
  {
    "date": 1717286400,
    "totalLiquidityUSD": 918826765.81765
  },
  {
    "date": 1717372800,
    "totalLiquidityUSD": 920798664.57974
  },
  {
    "date": 1717459200,
    "totalLiquidityUSD": 914657611.94239
  },
  {
    "date": 1717545600,
    "totalLiquidityUSD": 923619906.43926
  },
  {
    "date": 1717632000,
    "totalLiquidityUSD": 984026706.49453
  },
  {
    "date": 1717718400,
    "totalLiquidityUSD": 977026768.78329
  },
  {
    "date": 1717804800,
    "totalLiquidityUSD": 1028055429.13597
  },
  {
    "date": 1717891200,
    "totalLiquidityUSD": 1027741431.85344
  },
  {
    "date": 1717977600,
    "totalLiquidityUSD": 1028800630.81878
  },
  {
    "date": 1718064000,
    "totalLiquidityUSD": 1030203855.5815
  },
  {
    "date": 1718150400,
    "totalLiquidityUSD": 1023723841.8898
  },
  {
    "date": 1718236800,
    "totalLiquidityUSD": 1034681836.58527
  },
  {
    "date": 1718323200,
    "totalLiquidityUSD": 1021790932.25008
  },
  {
    "date": 1718409600,
    "totalLiquidityUSD": 1021497363.33131
  },
  {
    "date": 1718496000,
    "totalLiquidityUSD": 1035929943.92596
  },
  {
    "date": 1718582400,
    "totalLiquidityUSD": 1049876815.98839
  },
  {
    "date": 1718668800,
    "totalLiquidityUSD": 1039555219.38347
  },
  {
    "date": 1718755200,
    "totalLiquidityUSD": 1039412836.00141
  },
  {
    "date": 1718841600,
    "totalLiquidityUSD": 1055823756.21955
  },
  {
    "date": 1718928000,
    "totalLiquidityUSD": 1058423523.83145
  },
  {
    "date": 1719014400,
    "totalLiquidityUSD": 1041302893.54663
  },
  {
    "date": 1719100800,
    "totalLiquidityUSD": 1040987742.45932
  },
  {
    "date": 1719187200,
    "totalLiquidityUSD": 1034157621.5112
  },
  {
    "date": 1719273600,
    "totalLiquidityUSD": 1022661649.35872
  },
  {
    "date": 1719360000,
    "totalLiquidityUSD": 1028707816.28802
  },
  {
    "date": 1719446400,
    "totalLiquidityUSD": 1029372285.14996
  },
  {
    "date": 1719532800,
    "totalLiquidityUSD": 1047169235.72477
  },
  {
    "date": 1719619200,
    "totalLiquidityUSD": 1049048371.40738
  },
  {
    "date": 1719705600,
    "totalLiquidityUSD": 1051549458.41634
  },
  {
    "date": 1719792000,
    "totalLiquidityUSD": 1061441123.49187
  },
  {
    "date": 1719878400,
    "totalLiquidityUSD": 1073797036.78113
  },
  {
    "date": 1719964800,
    "totalLiquidityUSD": 1064962039.54588
  },
  {
    "date": 1720051200,
    "totalLiquidityUSD": 1044965975.65083
  },
  {
    "date": 1720137600,
    "totalLiquidityUSD": 1032880113.8451
  },
  {
    "date": 1720224000,
    "totalLiquidityUSD": 1013839513.36632
  },
  {
    "date": 1720310400,
    "totalLiquidityUSD": 1030640387.74849
  },
  {
    "date": 1720396800,
    "totalLiquidityUSD": 1018614261.59848
  },
  {
    "date": 1720483200,
    "totalLiquidityUSD": 1023920014.15903
  },
  {
    "date": 1720569600,
    "totalLiquidityUSD": 1029077151.41904
  },
  {
    "date": 1720656000,
    "totalLiquidityUSD": 1041475235.34035
  },
  {
    "date": 1720742400,
    "totalLiquidityUSD": 1047014439.63029
  },
  {
    "date": 1720828800,
    "totalLiquidityUSD": 1055828664.46966
  },
  {
    "date": 1720915200,
    "totalLiquidityUSD": 1066215991.59355
  },
  {
    "date": 1721001600,
    "totalLiquidityUSD": 1080608514.8977
  },
  {
    "date": 1721088000,
    "totalLiquidityUSD": 1119885677.22922
  },
  {
    "date": 1721174400,
    "totalLiquidityUSD": 1110853328.35944
  },
  {
    "date": 1721260800,
    "totalLiquidityUSD": 1097133502.73292
  },
  {
    "date": 1721347200,
    "totalLiquidityUSD": 1089745253.64059
  },
  {
    "date": 1721433600,
    "totalLiquidityUSD": 1100785300.55595
  },
  {
    "date": 1721520000,
    "totalLiquidityUSD": 1103297331.23228
  },
  {
    "date": 1721606400,
    "totalLiquidityUSD": 1101386128.75097
  },
  {
    "date": 1721692800,
    "totalLiquidityUSD": 1086433119.19925
  },
  {
    "date": 1721779200,
    "totalLiquidityUSD": 1086990985.78318
  },
  {
    "date": 1721865600,
    "totalLiquidityUSD": 1025900901.16074
  },
  {
    "date": 1721952000,
    "totalLiquidityUSD": 1017885909.60909
  },
  {
    "date": 1722038400,
    "totalLiquidityUSD": 1044088456.45128
  },
  {
    "date": 1722124800,
    "totalLiquidityUSD": 1051647127.93804
  },
  {
    "date": 1722211200,
    "totalLiquidityUSD": 1057536533.4223
  },
  {
    "date": 1722297600,
    "totalLiquidityUSD": 1061489171.04896
  },
  {
    "date": 1722384000,
    "totalLiquidityUSD": 1061933265.05399
  },
  {
    "date": 1722470400,
    "totalLiquidityUSD": 1051963212.494
  },
  {
    "date": 1722556800,
    "totalLiquidityUSD": 1058056895.25813
  },
  {
    "date": 1722643200,
    "totalLiquidityUSD": 1043197824.33862
  },
  {
    "date": 1722729600,
    "totalLiquidityUSD": 1035370751.72227
  },
  {
    "date": 1722816000,
    "totalLiquidityUSD": 1010140773.90326
  },
  {
    "date": 1722902400,
    "totalLiquidityUSD": 957394867.01916
  },
  {
    "date": 1722988800,
    "totalLiquidityUSD": 999127645.52601
  },
  {
    "date": 1723075200,
    "totalLiquidityUSD": 977351484.02129
  },
  {
    "date": 1723161600,
    "totalLiquidityUSD": 1011483090.23808
  },
  {
    "date": 1723248000,
    "totalLiquidityUSD": 1019107119.8052
  },
  {
    "date": 1723334400,
    "totalLiquidityUSD": 1021575160.24427
  },
  {
    "date": 1723420800,
    "totalLiquidityUSD": 1019236974.06376
  },
  {
    "date": 1723507200,
    "totalLiquidityUSD": 1033062898.99209
  },
  {
    "date": 1723593600,
    "totalLiquidityUSD": 1048693983.23809
  },
  {
    "date": 1723680000,
    "totalLiquidityUSD": 1027616780.54305
  },
  {
    "date": 1723766400,
    "totalLiquidityUSD": 1018886693.27895
  },
  {
    "date": 1723852800,
    "totalLiquidityUSD": 1022520939.28127
  },
  {
    "date": 1723939200,
    "totalLiquidityUSD": 1021662420.179
  },
  {
    "date": 1724025600,
    "totalLiquidityUSD": 1027157941.62705
  },
  {
    "date": 1724112000,
    "totalLiquidityUSD": 953038554.53316
  },
  {
    "date": 1724198400,
    "totalLiquidityUSD": 954685347.30767
  },
  {
    "date": 1724284800,
    "totalLiquidityUSD": 963155573.78864
  },
  {
    "date": 1724371200,
    "totalLiquidityUSD": 964518812.89313
  },
  {
    "date": 1724457600,
    "totalLiquidityUSD": 992629935.14518
  },
  {
    "date": 1724544000,
    "totalLiquidityUSD": 987559935.1325
  },
  {
    "date": 1724630400,
    "totalLiquidityUSD": 994154224.56121
  },
  {
    "date": 1724716800,
    "totalLiquidityUSD": 966647904.02554
  },
  {
    "date": 1724803200,
    "totalLiquidityUSD": 934702089.01423
  },
  {
    "date": 1724889600,
    "totalLiquidityUSD": 939497890.38489
  },
  {
    "date": 1724976000,
    "totalLiquidityUSD": 933618128.19568
  },
  {
    "date": 1725408000,
    "totalLiquidityUSD": 942004765.77953
  },
  {
    "date": 1725494400,
    "totalLiquidityUSD": 948937961.6737
  },
  {
    "date": 1725580800,
    "totalLiquidityUSD": 935391508.90382
  },
  {
    "date": 1725667200,
    "totalLiquidityUSD": 908625294.62608
  },
  {
    "date": 1725753600,
    "totalLiquidityUSD": 914050696.50175
  },
  {
    "date": 1725840000,
    "totalLiquidityUSD": 916318732.67837
  },
  {
    "date": 1725926400,
    "totalLiquidityUSD": 934061902.21732
  },
  {
    "date": 1726012800,
    "totalLiquidityUSD": 935071879.95726
  },
  {
    "date": 1726099200,
    "totalLiquidityUSD": 939573780.48058
  },
  {
    "date": 1726185600,
    "totalLiquidityUSD": 936685656.47464
  },
  {
    "date": 1726272000,
    "totalLiquidityUSD": 950863584.08504
  },
  {
    "date": 1726358400,
    "totalLiquidityUSD": 951298590.13455
  },
  {
    "date": 1726444800,
    "totalLiquidityUSD": 944432336.17719
  },
  {
    "date": 1726531200,
    "totalLiquidityUSD": 935214136.06935
  },
  {
    "date": 1726617600,
    "totalLiquidityUSD": 945887531.22839
  },
  {
    "date": 1726704000,
    "totalLiquidityUSD": 936794241.80661
  },
  {
    "date": 1726790400,
    "totalLiquidityUSD": 962528336.53329
  },
  {
    "date": 1726876800,
    "totalLiquidityUSD": 951773801.32638
  },
  {
    "date": 1726963200,
    "totalLiquidityUSD": 956889463.69784
  },
  {
    "date": 1727049600,
    "totalLiquidityUSD": 965937569.71846
  },
  {
    "date": 1727136000,
    "totalLiquidityUSD": 976098771.71822
  },
  {
    "date": 1727222400,
    "totalLiquidityUSD": 984458167.83247
  },
  {
    "date": 1727308800,
    "totalLiquidityUSD": 979717191.65716
  },
  {
    "date": 1727395200,
    "totalLiquidityUSD": 998092020.60396
  },
  {
    "date": 1727481600,
    "totalLiquidityUSD": 1014416706.49444
  },
  {
    "date": 1727568000,
    "totalLiquidityUSD": 1011648587.13246
  },
  {
    "date": 1727654400,
    "totalLiquidityUSD": 999933472.19621
  },
  {
    "date": 1727740800,
    "totalLiquidityUSD": 995132050.22348
  },
  {
    "date": 1727827200,
    "totalLiquidityUSD": 979793444.53147
  },
  {
    "date": 1727913600,
    "totalLiquidityUSD": 969234902.21871
  },
  {
    "date": 1728000000,
    "totalLiquidityUSD": 952166958.00667
  },
  {
    "date": 1728086400,
    "totalLiquidityUSD": 977444016.97206
  },
  {
    "date": 1728172800,
    "totalLiquidityUSD": 978660639.91785
  },
  {
    "date": 1728259200,
    "totalLiquidityUSD": 981259899.71045
  },
  {
    "date": 1728345600,
    "totalLiquidityUSD": 987192347.09542
  },
  {
    "date": 1728432000,
    "totalLiquidityUSD": 983647959.72749
  },
  {
    "date": 1728518400,
    "totalLiquidityUSD": 974344641.39988
  },
  {
    "date": 1728604800,
    "totalLiquidityUSD": 990102871.87018
  },
  {
    "date": 1728691200,
    "totalLiquidityUSD": 997713224.56922
  },
  {
    "date": 1728777600,
    "totalLiquidityUSD": 1002155508.94883
  },
  {
    "date": 1728864000,
    "totalLiquidityUSD": 998196263.855
  },
  {
    "date": 1728950400,
    "totalLiquidityUSD": 996207057.71078
  },
  {
    "date": 1729036800,
    "totalLiquidityUSD": 993358699.21138
  },
  {
    "date": 1729123200,
    "totalLiquidityUSD": 991631667.03807
  },
  {
    "date": 1729209600,
    "totalLiquidityUSD": 994929402.27719
  },
  {
    "date": 1729296000,
    "totalLiquidityUSD": 1000843775.64169
  },
  {
    "date": 1729382400,
    "totalLiquidityUSD": 1013073550.92971
  },
  {
    "date": 1729468800,
    "totalLiquidityUSD": 1025111135.06668
  },
  {
    "date": 1729555200,
    "totalLiquidityUSD": 1021656355.00208
  },
  {
    "date": 1729641600,
    "totalLiquidityUSD": 1117784518.33063
  },
  {
    "date": 1729728000,
    "totalLiquidityUSD": 1102088726.3902
  },
  {
    "date": 1729814400,
    "totalLiquidityUSD": 1107254454.58843
  },
  {
    "date": 1729900800,
    "totalLiquidityUSD": 1107910759.56435
  },
  {
    "date": 1729987200,
    "totalLiquidityUSD": 1118210058.27359
  },
  {
    "date": 1730073600,
    "totalLiquidityUSD": 1130148717.23479
  },
  {
    "date": 1730160000,
    "totalLiquidityUSD": 1121565434.42285
  },
  {
    "date": 1730246400,
    "totalLiquidityUSD": 1137917188.4642
  },
  {
    "date": 1730332800,
    "totalLiquidityUSD": 1162403530.84373
  },
  {
    "date": 1730419200,
    "totalLiquidityUSD": 1153966063.09143
  },
  {
    "date": 1730505600,
    "totalLiquidityUSD": 1155118045.77174
  },
  {
    "date": 1730592000,
    "totalLiquidityUSD": 1156912521.84607
  },
  {
    "date": 1730678400,
    "totalLiquidityUSD": 1125874793.64162
  },
  {
    "date": 1730764800,
    "totalLiquidityUSD": 1121706072.43302
  },
  {
    "date": 1730851200,
    "totalLiquidityUSD": 1132650337.10251
  },
  {
    "date": 1730937600,
    "totalLiquidityUSD": 1220614223.09095
  },
  {
    "date": 1731024000,
    "totalLiquidityUSD": 1230317442.76975
  },
  {
    "date": 1731110400,
    "totalLiquidityUSD": 1234692735.62863
  },
  {
    "date": 1731196800,
    "totalLiquidityUSD": 1257170987.75795
  },
  {
    "date": 1731283200,
    "totalLiquidityUSD": 1263985632.43208
  },
  {
    "date": 1731369600,
    "totalLiquidityUSD": 1333484056.34061
  },
  {
    "date": 1731456000,
    "totalLiquidityUSD": 1300916692.36762
  },
  {
    "date": 1731542400,
    "totalLiquidityUSD": 1285757815.78854
  },
  {
    "date": 1731628800,
    "totalLiquidityUSD": 1252664121.43627
  },
  {
    "date": 1731715200,
    "totalLiquidityUSD": 1266954007.28328
  },
  {
    "date": 1731801600,
    "totalLiquidityUSD": 1350429769.64913
  },
  {
    "date": 1731888000,
    "totalLiquidityUSD": 1343149910.40467
  },
  {
    "date": 1731974400,
    "totalLiquidityUSD": 1344121990.76521
  },
  {
    "date": 1732060800,
    "totalLiquidityUSD": 1456464071.08083
  },
  {
    "date": 1732147200,
    "totalLiquidityUSD": 1559856931.12608
  },
  {
    "date": 1732233600,
    "totalLiquidityUSD": 1670624402.27088
  },
  {
    "date": 1732320000,
    "totalLiquidityUSD": 1713833232.79227
  },
  {
    "date": 1732406400,
    "totalLiquidityUSD": 1728152286.21345
  },
  {
    "date": 1732492800,
    "totalLiquidityUSD": 1750491858.2389
  },
  {
    "date": 1732579200,
    "totalLiquidityUSD": 1798066141.20557
  },
  {
    "date": 1732665600,
    "totalLiquidityUSD": 1851830248.97315
  },
  {
    "date": 1732752000,
    "totalLiquidityUSD": 1960436588.47933
  },
  {
    "date": 1732838400,
    "totalLiquidityUSD": 1960294698.32925
  },
  {
    "date": 1732924800,
    "totalLiquidityUSD": 1987659397.64424
  },
  {
    "date": 1733011200,
    "totalLiquidityUSD": 2058528589.61682
  },
  {
    "date": 1733097600,
    "totalLiquidityUSD": 2066279148.40583
  },
  {
    "date": 1733184000,
    "totalLiquidityUSD": 2141021818.1386
  },
  {
    "date": 1733270400,
    "totalLiquidityUSD": 2202767877.84802
  },
  {
    "date": 1733356800,
    "totalLiquidityUSD": 2263003913.64268
  },
  {
    "date": 1733443200,
    "totalLiquidityUSD": 2228226572.329
  },
  {
    "date": 1733529600,
    "totalLiquidityUSD": 2352847209.21842
  },
  {
    "date": 1733616000,
    "totalLiquidityUSD": 2390750003.57829
  },
  {
    "date": 1733702400,
    "totalLiquidityUSD": 2422391199.85832
  },
  {
    "date": 1733788800,
    "totalLiquidityUSD": 2364380492.11667
  },
  {
    "date": 1733875200,
    "totalLiquidityUSD": 2367546460.81174
  },
  {
    "date": 1733961600,
    "totalLiquidityUSD": 2456476448.23904
  },
  {
    "date": 1734048000,
    "totalLiquidityUSD": 2523771196.32506
  },
  {
    "date": 1734134400,
    "totalLiquidityUSD": 2546135020.17721
  },
  {
    "date": 1734220800,
    "totalLiquidityUSD": 2583662705.50191
  },
  {
    "date": 1734307200,
    "totalLiquidityUSD": 2611214255.78583
  },
  {
    "date": 1734393600,
    "totalLiquidityUSD": 2683878644.69204
  },
  {
    "date": 1734480000,
    "totalLiquidityUSD": 2689388388.80752
  },
  {
    "date": 1734566400,
    "totalLiquidityUSD": 2623585810.96567
  },
  {
    "date": 1734652800,
    "totalLiquidityUSD": 2697939879.132
  },
  {
    "date": 1734739200,
    "totalLiquidityUSD": 2773176121.9386
  },
  {
    "date": 1734825600,
    "totalLiquidityUSD": 2846048091.3592
  },
  {
    "date": 1734912000,
    "totalLiquidityUSD": 2804928721.64442
  },
  {
    "date": 1734998400,
    "totalLiquidityUSD": 2775514258.82352
  },
  {
    "date": 1735084800,
    "totalLiquidityUSD": 2814266944.94211
  },
  {
    "date": 1735171200,
    "totalLiquidityUSD": 2903732316.77177
  },
  {
    "date": 1735257600,
    "totalLiquidityUSD": 2889919027.38711
  },
  {
    "date": 1735344000,
    "totalLiquidityUSD": 2857396902.94519
  },
  {
    "date": 1735430400,
    "totalLiquidityUSD": 2892309321.20721
  },
  {
    "date": 1735516800,
    "totalLiquidityUSD": 2864050782.53488
  },
  {
    "date": 1735603200,
    "totalLiquidityUSD": 2853852978.07833
  },
  {
    "date": 1735689600,
    "totalLiquidityUSD": 2817966578.27525
  },
  {
    "date": 1735776000,
    "totalLiquidityUSD": 2893223715.7505
  },
  {
    "date": 1735862400,
    "totalLiquidityUSD": 3044969607.19189
  },
  {
    "date": 1735948800,
    "totalLiquidityUSD": 3092548660.19177
  },
  {
    "date": 1736035200,
    "totalLiquidityUSD": 3147604329.02927
  },
  {
    "date": 1736121600,
    "totalLiquidityUSD": 3206498560.92997
  },
  {
    "date": 1736208000,
    "totalLiquidityUSD": 3249411896.28019
  },
  {
    "date": 1736294400,
    "totalLiquidityUSD": 3353298041.6308
  },
  {
    "date": 1736380800,
    "totalLiquidityUSD": 3361356513.46094
  },
  {
    "date": 1736467200,
    "totalLiquidityUSD": 3307387457.17515
  },
  {
    "date": 1736553600,
    "totalLiquidityUSD": 3335363941.13816
  },
  {
    "date": 1736640000,
    "totalLiquidityUSD": 3435423876.47644
  },
  {
    "date": 1736726400,
    "totalLiquidityUSD": 3283742557.90341
  },
  {
    "date": 1736812800,
    "totalLiquidityUSD": 3227019065.3616
  },
  {
    "date": 1736899200,
    "totalLiquidityUSD": 3300820996.74858
  },
  {
    "date": 1736985600,
    "totalLiquidityUSD": 3355793061.60806
  },
  {
    "date": 1737072000,
    "totalLiquidityUSD": 3337347418.5889
  },
  {
    "date": 1737158400,
    "totalLiquidityUSD": 3546262690.62509
  },
  {
    "date": 1737244800,
    "totalLiquidityUSD": 3551364675.93443
  },
  {
    "date": 1737331200,
    "totalLiquidityUSD": 3464373687.15849
  },
  {
    "date": 1737417600,
    "totalLiquidityUSD": 3454891900.35972
  },
  {
    "date": 1737504000,
    "totalLiquidityUSD": 3550289753.15804
  },
  {
    "date": 1737590400,
    "totalLiquidityUSD": 3537247595.16451
  },
  {
    "date": 1737676800,
    "totalLiquidityUSD": 3589921504.49633
  },
  {
    "date": 1737763200,
    "totalLiquidityUSD": 3659628685.6126
  },
  {
    "date": 1737849600,
    "totalLiquidityUSD": 3671031310.80995
  },
  {
    "date": 1737936000,
    "totalLiquidityUSD": 3669074710.03635
  },
  {
    "date": 1738022400,
    "totalLiquidityUSD": 3541209277.61526
  },
  {
    "date": 1738108800,
    "totalLiquidityUSD": 3553510608.02825
  },
  {
    "date": 1738195200,
    "totalLiquidityUSD": 3620987432.74152
  },
  {
    "date": 1738281600,
    "totalLiquidityUSD": 3697751878.47625
  },
  {
    "date": 1738368000,
    "totalLiquidityUSD": 3697161560.67717
  },
  {
    "date": 1738454400,
    "totalLiquidityUSD": 3680380819.59631
  },
  {
    "date": 1738540800,
    "totalLiquidityUSD": 3527511207.96423
  },
  {
    "date": 1738627200,
    "totalLiquidityUSD": 3549634107.83192
  },
  {
    "date": 1738713600,
    "totalLiquidityUSD": 3433139336.63334
  },
  {
    "date": 1738800000,
    "totalLiquidityUSD": 3426420670.02349
  },
  {
    "date": 1738886400,
    "totalLiquidityUSD": 3435159389.45347
  },
  {
    "date": 1738972800,
    "totalLiquidityUSD": 3419879603.03089
  },
  {
    "date": 1739059200,
    "totalLiquidityUSD": 3390598362.82427
  },
  {
    "date": 1739145600,
    "totalLiquidityUSD": 3395654147.48579
  },
  {
    "date": 1739232000,
    "totalLiquidityUSD": 3480270287.11697
  },
  {
    "date": 1739318400,
    "totalLiquidityUSD": 3492685907.21039
  },
  {
    "date": 1739404800,
    "totalLiquidityUSD": 3573878189.34559
  },
  {
    "date": 1739491200,
    "totalLiquidityUSD": 3620871988.31877
  },
  {
    "date": 1739577600,
    "totalLiquidityUSD": 3647101908.40539
  },
  {
    "date": 1739664000,
    "totalLiquidityUSD": 3649528797.23111
  },
  {
    "date": 1739750400,
    "totalLiquidityUSD": 3602669562.19962
  },
  {
    "date": 1739836800,
    "totalLiquidityUSD": 3624439561.74626
  },
  {
    "date": 1739923200,
    "totalLiquidityUSD": 3611075750.49871
  },
  {
    "date": 1740009600,
    "totalLiquidityUSD": 3655603870.22999
  },
  {
    "date": 1740096000,
    "totalLiquidityUSD": 3604635598.35154
  },
  {
    "date": 1740182400,
    "totalLiquidityUSD": 3460391224.92424
  },
  {
    "date": 1740268800,
    "totalLiquidityUSD": 3494112403.95619
  },
  {
    "date": 1740355200,
    "totalLiquidityUSD": 3314517037.73105
  },
  {
    "date": 1740441600,
    "totalLiquidityUSD": 3080116997.74009
  },
  {
    "date": 1740528000,
    "totalLiquidityUSD": 3011867780.11423
  },
  {
    "date": 1740614400,
    "totalLiquidityUSD": 2944388969.43167
  },
  {
    "date": 1740700800,
    "totalLiquidityUSD": 3006052866.85
  },
  {
    "date": 1740787200,
    "totalLiquidityUSD": 3013608072.14342
  },
  {
    "date": 1740873600,
    "totalLiquidityUSD": 3037968511.27088
  },
  {
    "date": 1740960000,
    "totalLiquidityUSD": 3169133233.92797
  },
  {
    "date": 1741046400,
    "totalLiquidityUSD": 3044181653.57323
  },
  {
    "date": 1741132800,
    "totalLiquidityUSD": 3039814035.10321
  },
  {
    "date": 1741219200,
    "totalLiquidityUSD": 3073728373.39686
  },
  {
    "date": 1741305600,
    "totalLiquidityUSD": 3045014357.26311
  },
  {
    "date": 1741392000,
    "totalLiquidityUSD": 3026423182.8135
  },
  {
    "date": 1741478400,
    "totalLiquidityUSD": 3027866174.98419
  },
  {
    "date": 1741564800,
    "totalLiquidityUSD": 2921154642.70803
  },
  {
    "date": 1741651200,
    "totalLiquidityUSD": 2854495402.3327
  },
  {
    "date": 1741737600,
    "totalLiquidityUSD": 2976563101.95974
  },
  {
    "date": 1741824000,
    "totalLiquidityUSD": 2996016487.94798
  },
  {
    "date": 1741910400,
    "totalLiquidityUSD": 2948595277.33049
  },
  {
    "date": 1741996800,
    "totalLiquidityUSD": 2978664095.55626
  },
  {
    "date": 1742083200,
    "totalLiquidityUSD": 2965544427.44626
  },
  {
    "date": 1742169600,
    "totalLiquidityUSD": 2966978971.50211
  },
  {
    "date": 1742256000,
    "totalLiquidityUSD": 2973279371.34665
  },
  {
    "date": 1742342400,
    "totalLiquidityUSD": 2958890937.30171
  },
  {
    "date": 1742428800,
    "totalLiquidityUSD": 3082387503.06508
  },
  {
    "date": 1742515200,
    "totalLiquidityUSD": 2949222110.99123
  },
  {
    "date": 1742601600,
    "totalLiquidityUSD": 2950817370.34669
  },
  {
    "date": 1742688000,
    "totalLiquidityUSD": 2965467613.06924
  },
  {
    "date": 1742774400,
    "totalLiquidityUSD": 3060280191.95984
  },
  {
    "date": 1742860800,
    "totalLiquidityUSD": 3095846631.39735
  },
  {
    "date": 1742947200,
    "totalLiquidityUSD": 3078832136.51435
  },
  {
    "date": 1743033600,
    "totalLiquidityUSD": 3103963438.73538
  },
  {
    "date": 1743120000,
    "totalLiquidityUSD": 3004749396.18574
  },
  {
    "date": 1743206400,
    "totalLiquidityUSD": 2856384492.70105
  },
  {
    "date": 1743292800,
    "totalLiquidityUSD": 2808068809.38556
  },
  {
    "date": 1743379200,
    "totalLiquidityUSD": 2751450364.92288
  },
  {
    "date": 1743465600,
    "totalLiquidityUSD": 2823740601.12218
  },
  {
    "date": 1743552000,
    "totalLiquidityUSD": 2818943892.85801
  },
  {
    "date": 1743638400,
    "totalLiquidityUSD": 2751945563.24493
  },
  {
    "date": 1743724800,
    "totalLiquidityUSD": 2836508171.18506
  },
  {
    "date": 1743811200,
    "totalLiquidityUSD": 2825753514.95396
  },
  {
    "date": 1743897600,
    "totalLiquidityUSD": 2801763222.54507
  },
  {
    "date": 1743984000,
    "totalLiquidityUSD": 2641492207.57511
  },
  {
    "date": 1744070400,
    "totalLiquidityUSD": 2639707284.41169
  },
  {
    "date": 1744156800,
    "totalLiquidityUSD": 2549539413.34347
  },
  {
    "date": 1744243200,
    "totalLiquidityUSD": 2600309537.27235
  },
  {
    "date": 1744329600,
    "totalLiquidityUSD": 2522398405.44023
  },
  {
    "date": 1744416000,
    "totalLiquidityUSD": 2514893274.72592
  },
  {
    "date": 1744502400,
    "totalLiquidityUSD": 2544289655.52962
  },
  {
    "date": 1744588800,
    "totalLiquidityUSD": 2542204838.2944
  },
  {
    "date": 1744675200,
    "totalLiquidityUSD": 2565736555.84277
  },
  {
    "date": 1744761600,
    "totalLiquidityUSD": 2572516980.37951
  },
  {
    "date": 1744848000,
    "totalLiquidityUSD": 2563305945.94273
  },
  {
    "date": 1744934400,
    "totalLiquidityUSD": 2547172600.34945
  },
  {
    "date": 1745020800,
    "totalLiquidityUSD": 2504328423.40622
  },
  {
    "date": 1745107200,
    "totalLiquidityUSD": 2526553963.41615
  },
  {
    "date": 1745193600,
    "totalLiquidityUSD": 2533378749.51806
  },
  {
    "date": 1745280000,
    "totalLiquidityUSD": 2532251693.25107
  },
  {
    "date": 1745366400,
    "totalLiquidityUSD": 2720246867.2832
  },
  {
    "date": 1745452800,
    "totalLiquidityUSD": 2727820505.25813
  },
  {
    "date": 1745539200,
    "totalLiquidityUSD": 2699523010.73377
  },
  {
    "date": 1745625600,
    "totalLiquidityUSD": 2724293417.67669
  },
  {
    "date": 1745712000,
    "totalLiquidityUSD": 2736719819.90076
  },
  {
    "date": 1745798400,
    "totalLiquidityUSD": 2742605708.75568
  },
  {
    "date": 1745884800,
    "totalLiquidityUSD": 2709555624.56873
  },
  {
    "date": 1745971200,
    "totalLiquidityUSD": 2732047397.38014
  },
  {
    "date": 1746057600,
    "totalLiquidityUSD": 2713420600.01936
  },
  {
    "date": 1746144000,
    "totalLiquidityUSD": 2736740896.98339
  },
  {
    "date": 1746230400,
    "totalLiquidityUSD": 2806163952.55286
  },
  {
    "date": 1746316800,
    "totalLiquidityUSD": 2812335690.12965
  },
  {
    "date": 1746403200,
    "totalLiquidityUSD": 2804483760.9965
  },
  {
    "date": 1746489600,
    "totalLiquidityUSD": 2717695763.07564
  },
  {
    "date": 1746576000,
    "totalLiquidityUSD": 2733501739.30954
  },
  {
    "date": 1746662400,
    "totalLiquidityUSD": 2733533449.12798
  },
  {
    "date": 1746748800,
    "totalLiquidityUSD": 2943497369.47052
  },
  {
    "date": 1746835200,
    "totalLiquidityUSD": 3000045520.5154
  },
  {
    "date": 1746921600,
    "totalLiquidityUSD": 3105264143.37279
  },
  {
    "date": 1747008000,
    "totalLiquidityUSD": 3116755649.04148
  },
  {
    "date": 1747094400,
    "totalLiquidityUSD": 3115916095.27503
  },
  {
    "date": 1747180800,
    "totalLiquidityUSD": 3216213954.74558
  },
  {
    "date": 1747267200,
    "totalLiquidityUSD": 3195965977.09844
  },
  {
    "date": 1747353600,
    "totalLiquidityUSD": 3254859626.22118
  },
  {
    "date": 1747440000,
    "totalLiquidityUSD": 3250326499.26101
  },
  {
    "date": 1747526400,
    "totalLiquidityUSD": 3258373091.15238
  },
  {
    "date": 1747612800,
    "totalLiquidityUSD": 3309317244.44127
  },
  {
    "date": 1747699200,
    "totalLiquidityUSD": 3358700016.78593
  },
  {
    "date": 1747785600,
    "totalLiquidityUSD": 3385779337.02933
  },
  {
    "date": 1747872000,
    "totalLiquidityUSD": 3453356594.81868
  },
  {
    "date": 1747958400,
    "totalLiquidityUSD": 3534224614.51147
  },
  {
    "date": 1748044800,
    "totalLiquidityUSD": 3513145894.15208
  },
  {
    "date": 1748131200,
    "totalLiquidityUSD": 3525457013.82438
  },
  {
    "date": 1748217600,
    "totalLiquidityUSD": 3568231900.28118
  },
  {
    "date": 1748304000,
    "totalLiquidityUSD": 3621121408.32636
  },
  {
    "date": 1748390400,
    "totalLiquidityUSD": 3653179262.7445
  },
  {
    "date": 1748476800,
    "totalLiquidityUSD": 3633496184.14136
  },
  {
    "date": 1748563200,
    "totalLiquidityUSD": 3612419295.40372
  },
  {
    "date": 1748649600,
    "totalLiquidityUSD": 3614022763.12615
  },
  {
    "date": 1748736000,
    "totalLiquidityUSD": 3620752559.38081
  },
  {
    "date": 1748822400,
    "totalLiquidityUSD": 3661739118.71698
  },
  {
    "date": 1748908800,
    "totalLiquidityUSD": 3504637047.12577
  },
  {
    "date": 1748995200,
    "totalLiquidityUSD": 3621648725.62137
  },
  {
    "date": 1749081600,
    "totalLiquidityUSD": 3692582141.06201
  },
  {
    "date": 1749168000,
    "totalLiquidityUSD": 3618010940.47608
  },
  {
    "date": 1749254400,
    "totalLiquidityUSD": 3794834179.56309
  },
  {
    "date": 1749340800,
    "totalLiquidityUSD": 3833544674.27157
  },
  {
    "date": 1749427200,
    "totalLiquidityUSD": 3831194353.08095
  },
  {
    "date": 1749513600,
    "totalLiquidityUSD": 3985815880.47711
  },
  {
    "date": 1749600000,
    "totalLiquidityUSD": 4056022396.52201
  },
  {
    "date": 1749686400,
    "totalLiquidityUSD": 4076969703.24148
  },
  {
    "date": 1749772800,
    "totalLiquidityUSD": 3967640056.32579
  },
  {
    "date": 1749859200,
    "totalLiquidityUSD": 3918720515.63677
  },
  {
    "date": 1749945600,
    "totalLiquidityUSD": 3903115372.89541
  },
  {
    "date": 1750032000,
    "totalLiquidityUSD": 3916968291.45362
  },
  {
    "date": 1750118400,
    "totalLiquidityUSD": 3952136447.68528
  },
  {
    "date": 1750204800,
    "totalLiquidityUSD": 4125911979.73211
  },
  {
    "date": 1750291200,
    "totalLiquidityUSD": 4140693826.0165
  },
  {
    "date": 1750377600,
    "totalLiquidityUSD": 4147764341.28024
  },
  {
    "date": 1750464000,
    "totalLiquidityUSD": 4064833973.12427
  },
  {
    "date": 1750550400,
    "totalLiquidityUSD": 4032097939.98835
  },
  {
    "date": 1750636800,
    "totalLiquidityUSD": 3956283054.89069
  },
  {
    "date": 1750723200,
    "totalLiquidityUSD": 4094774161.40644
  },
  {
    "date": 1750809600,
    "totalLiquidityUSD": 4131838963.41259
  },
  {
    "date": 1750896000,
    "totalLiquidityUSD": 4129319977.74939
  },
  {
    "date": 1750982400,
    "totalLiquidityUSD": 4127508070.56539
  },
  {
    "date": 1751068800,
    "totalLiquidityUSD": 4063447412.43762
  },
  {
    "date": 1751155200,
    "totalLiquidityUSD": 4087277656.7222
  },
  {
    "date": 1751241600,
    "totalLiquidityUSD": 4107611765.97607
  },
  {
    "date": 1751328000,
    "totalLiquidityUSD": 4127092084.1175
  },
  {
    "date": 1751414400,
    "totalLiquidityUSD": 4232744513.85212
  },
  {
    "date": 1751500800,
    "totalLiquidityUSD": 4362604778.16796
  },
  {
    "date": 1751587200,
    "totalLiquidityUSD": 4434176639.44187
  },
  {
    "date": 1751673600,
    "totalLiquidityUSD": 4385639328.6376
  },
  {
    "date": 1751760000,
    "totalLiquidityUSD": 4426454892.99896
  },
  {
    "date": 1751846400,
    "totalLiquidityUSD": 4479757893.62193
  },
  {
    "date": 1751932800,
    "totalLiquidityUSD": 4451274770.65985
  },
  {
    "date": 1752019200,
    "totalLiquidityUSD": 4485781676.30418
  },
  {
    "date": 1752105600,
    "totalLiquidityUSD": 4636684874.67443
  },
  {
    "date": 1752192000,
    "totalLiquidityUSD": 4761351854.27779
  },
  {
    "date": 1752278400,
    "totalLiquidityUSD": 4866948083.11218
  },
  {
    "date": 1752364800,
    "totalLiquidityUSD": 4886206345.90353
  },
  {
    "date": 1752451200,
    "totalLiquidityUSD": 4967378975.05884
  },
  {
    "date": 1752537600,
    "totalLiquidityUSD": 4994370794.58505
  },
  {
    "date": 1752624000,
    "totalLiquidityUSD": 4999190019.05125
  },
  {
    "date": 1752710400,
    "totalLiquidityUSD": 5206950507.64339
  },
  {
    "date": 1752796800,
    "totalLiquidityUSD": 5303929938.92205
  },
  {
    "date": 1752883200,
    "totalLiquidityUSD": 5218882134.49629
  },
  {
    "date": 1752969600,
    "totalLiquidityUSD": 5237696331.83105
  },
  {
    "date": 1753056000,
    "totalLiquidityUSD": 5311911481.04991
  },
  {
    "date": 1753122503,
    "totalLiquidityUSD": 5401268722.97031
  }
]
2025-07-22,0.00,[
  {
    "date": 1705190400,
    "totalLiquidityUSD": 11208493.87609
  },
  {
    "date": 1705276800,
    "totalLiquidityUSD": 11106389.76769
  },
  {
    "date": 1705363200,
    "totalLiquidityUSD": 11649642.10581
  },
  {
    "date": 1705449600,
    "totalLiquidityUSD": 11474698.28385
  },
  {
    "date": 1705536000,
    "totalLiquidityUSD": 12143669.95245
  },
  {
    "date": 1705622400,
    "totalLiquidityUSD": 13165820.66093
  },
  {
    "date": 1705708800,
    "totalLiquidityUSD": 29917427.76805
  },
  {
    "date": 1705795200,
    "totalLiquidityUSD": 31146957.25098
  },
  {
    "date": 1705881600,
    "totalLiquidityUSD": 31156733.92139
  },
  {
    "date": 1705968000,
    "totalLiquidityUSD": 29848221.27044
  },
  {
    "date": 1706054400,
    "totalLiquidityUSD": 30044278.03277
  },
  {
    "date": 1706140800,
    "totalLiquidityUSD": 30207659.45515
  },
  {
    "date": 1706227200,
    "totalLiquidityUSD": 30208387.55411
  },
  {
    "date": 1706313600,
    "totalLiquidityUSD": 32146448.86877
  },
  {
    "date": 1706400000,
    "totalLiquidityUSD": 31778186.99386
  },
  {
    "date": 1706486400,
    "totalLiquidityUSD": 31620511.79762
  },
  {
    "date": 1706572800,
    "totalLiquidityUSD": 32569879.66697
  },
  {
    "date": 1706659200,
    "totalLiquidityUSD": 33029506.24223
  },
  {
    "date": 1706745600,
    "totalLiquidityUSD": 32963670.23016
  },
  {
    "date": 1706832000,
    "totalLiquidityUSD": 34561063.08259
  },
  {
    "date": 1706918400,
    "totalLiquidityUSD": 34957586.45033
  },
  {
    "date": 1707004800,
    "totalLiquidityUSD": 34471803.19836
  },
  {
    "date": 1707091200,
    "totalLiquidityUSD": 34342875.51374
  },
  {
    "date": 1707177600,
    "totalLiquidityUSD": 34580046.07086
  },
  {
    "date": 1707264000,
    "totalLiquidityUSD": 39530125.65408
  },
  {
    "date": 1707350400,
    "totalLiquidityUSD": 42570642.91745
  },
  {
    "date": 1707436800,
    "totalLiquidityUSD": 44629491.87861
  },
  {
    "date": 1707523200,
    "totalLiquidityUSD": 48057310.70003
  },
  {
    "date": 1707609600,
    "totalLiquidityUSD": 50167916.47663
  },
  {
    "date": 1707696000,
    "totalLiquidityUSD": 51892096.07662
  },
  {
    "date": 1707782400,
    "totalLiquidityUSD": 56906557.88462
  },
  {
    "date": 1707868800,
    "totalLiquidityUSD": 62820728.24306
  },
  {
    "date": 1707955200,
    "totalLiquidityUSD": 65439864.94551
  },
  {
    "date": 1708041600,
    "totalLiquidityUSD": 67089728.94819
  },
  {
    "date": 1708128000,
    "totalLiquidityUSD": 69893129.74063
  },
  {
    "date": 1708214400,
    "totalLiquidityUSD": 73632190.78378
  },
  {
    "date": 1708300800,
    "totalLiquidityUSD": 75963855.5006
  },
  {
    "date": 1708387200,
    "totalLiquidityUSD": 79835238.05505
  },
  {
    "date": 1708473600,
    "totalLiquidityUSD": 80791939.22235
  },
  {
    "date": 1708560000,
    "totalLiquidityUSD": 82069444.4173
  },
  {
    "date": 1708646400,
    "totalLiquidityUSD": 82011026.24104
  },
  {
    "date": 1708732800,
    "totalLiquidityUSD": 82715174.27988
  },
  {
    "date": 1708819200,
    "totalLiquidityUSD": 83932002.55735
  },
  {
    "date": 1708905600,
    "totalLiquidityUSD": 86884642.53936
  },
  {
    "date": 1708992000,
    "totalLiquidityUSD": 93568465.98413
  },
  {
    "date": 1709078400,
    "totalLiquidityUSD": 99099069.83065
  },
  {
    "date": 1709164800,
    "totalLiquidityUSD": 106368577.24652
  },
  {
    "date": 1709251200,
    "totalLiquidityUSD": 105095913.64288
  },
  {
    "date": 1709337600,
    "totalLiquidityUSD": 107456362.92941
  },
  {
    "date": 1709424000,
    "totalLiquidityUSD": 107211911.83853
  },
  {
    "date": 1709510400,
    "totalLiquidityUSD": 107239132.44301
  },
  {
    "date": 1709596800,
    "totalLiquidityUSD": 113709310.26054
  },
  {
    "date": 1709683200,
    "totalLiquidityUSD": 111539807.23893
  },
  {
    "date": 1709769600,
    "totalLiquidityUSD": 120190189.09541
  },
  {
    "date": 1709856000,
    "totalLiquidityUSD": 119224942.8164
  },
  {
    "date": 1709942400,
    "totalLiquidityUSD": 122916794.23206
  },
  {
    "date": 1710028800,
    "totalLiquidityUSD": 124837610.13838
  },
  {
    "date": 1710115200,
    "totalLiquidityUSD": 128900244.66627
  },
  {
    "date": 1710201600,
    "totalLiquidityUSD": 141609258.31786
  },
  {
    "date": 1710288000,
    "totalLiquidityUSD": 132939186.16457
  },
  {
    "date": 1710374400,
    "totalLiquidityUSD": 140093870.32611
  },
  {
    "date": 1710460800,
    "totalLiquidityUSD": 153100817.31714
  },
  {
    "date": 1710547200,
    "totalLiquidityUSD": 150453828.77842
  },
  {
    "date": 1710633600,
    "totalLiquidityUSD": 145764995.59461
  },
  {
    "date": 1710720000,
    "totalLiquidityUSD": 150386965.46368
  },
  {
    "date": 1710806400,
    "totalLiquidityUSD": 148723730.34872
  },
  {
    "date": 1710892800,
    "totalLiquidityUSD": 138959602.63664
  },
  {
    "date": 1710979200,
    "totalLiquidityUSD": 149892403.52612
  },
  {
    "date": 1711065600,
    "totalLiquidityUSD": 151578009.92076
  },
  {
    "date": 1711152000,
    "totalLiquidityUSD": 156097571.87055
  },
  {
    "date": 1711238400,
    "totalLiquidityUSD": 160168324.2501
  },
  {
    "date": 1711324800,
    "totalLiquidityUSD": 168525656.48721
  },
  {
    "date": 1711411200,
    "totalLiquidityUSD": 182770901.24703
  },
  {
    "date": 1711497600,
    "totalLiquidityUSD": 186931686.2779
  },
  {
    "date": 1711584000,
    "totalLiquidityUSD": 196110486.45413
  },
  {
    "date": 1711670400,
    "totalLiquidityUSD": 205956912.55582
  },
  {
    "date": 1711756800,
    "totalLiquidityUSD": 328035576.98475
  },
  {
    "date": 1711843200,
    "totalLiquidityUSD": 354900872.33608
  },
  {
    "date": 1711929600,
    "totalLiquidityUSD": 364010478.37444
  },
  {
    "date": 1712016000,
    "totalLiquidityUSD": 359387134.34109
  },
  {
    "date": 1712102400,
    "totalLiquidityUSD": 345143408.17628
  },
  {
    "date": 1712188800,
    "totalLiquidityUSD": 349734685.18279
  },
  {
    "date": 1712275200,
    "totalLiquidityUSD": 376137511.70786
  },
  {
    "date": 1712361600,
    "totalLiquidityUSD": 404910097.2918
  },
  {
    "date": 1712448000,
    "totalLiquidityUSD": 424039137.76986
  },
  {
    "date": 1712534400,
    "totalLiquidityUSD": 430564508.61932
  },
  {
    "date": 1712620800,
    "totalLiquidityUSD": 546083177.19093
  },
  {
    "date": 1712707200,
    "totalLiquidityUSD": 534616364.39091
  },
  {
    "date": 1712793600,
    "totalLiquidityUSD": 553917075.25753
  },
  {
    "date": 1712880000,
    "totalLiquidityUSD": 550319689.73535
  },
  {
    "date": 1712966400,
    "totalLiquidityUSD": 639293813.45661
  },
  {
    "date": 1713052800,
    "totalLiquidityUSD": 626408868.14659
  },
  {
    "date": 1713139200,
    "totalLiquidityUSD": 629841989.56547
  },
  {
    "date": 1713225600,
    "totalLiquidityUSD": 637478607.45923
  },
  {
    "date": 1713312000,
    "totalLiquidityUSD": 643191679.88128
  },
  {
    "date": 1713398400,
    "totalLiquidityUSD": 656425342.20844
  },
  {
    "date": 1713484800,
    "totalLiquidityUSD": 673085909.69824
  },
  {
    "date": 1713571200,
    "totalLiquidityUSD": 679762711.52278
  },
  {
    "date": 1713657600,
    "totalLiquidityUSD": 695174445.96164
  },
  {
    "date": 1713744000,
    "totalLiquidityUSD": 725221221.49432
  },
  {
    "date": 1713830400,
    "totalLiquidityUSD": 733486053.67439
  },
  {
    "date": 1713916800,
    "totalLiquidityUSD": 740208318.4741
  },
  {
    "date": 1714003200,
    "totalLiquidityUSD": 751827931.82942
  },
  {
    "date": 1714089600,
    "totalLiquidityUSD": 765999708.5805
  },
  {
    "date": 1714176000,
    "totalLiquidityUSD": 759934679.06594
  },
  {
    "date": 1714262400,
    "totalLiquidityUSD": 761873389.59578
  },
  {
    "date": 1714348800,
    "totalLiquidityUSD": 765127726.5271
  },
  {
    "date": 1714435200,
    "totalLiquidityUSD": 759714380.07641
  },
  {
    "date": 1714521600,
    "totalLiquidityUSD": 743244512.50355
  },
  {
    "date": 1714608000,
    "totalLiquidityUSD": 733744756.61254
  },
  {
    "date": 1714694400,
    "totalLiquidityUSD": 738182546.86068
  },
  {
    "date": 1714780800,
    "totalLiquidityUSD": 748067243.46208
  },
  {
    "date": 1714867200,
    "totalLiquidityUSD": 751264911.0105
  },
  {
    "date": 1714953600,
    "totalLiquidityUSD": 761701635.97767
  },
  {
    "date": 1715040000,
    "totalLiquidityUSD": 760697247.52963
  },
  {
    "date": 1715126400,
    "totalLiquidityUSD": 756136172.74871
  },
  {
    "date": 1715212800,
    "totalLiquidityUSD": 745722461.68687
  },
  {
    "date": 1715299200,
    "totalLiquidityUSD": 755055365.20977
  },
  {
    "date": 1715385600,
    "totalLiquidityUSD": 742122147.54776
  },
  {
    "date": 1715472000,
    "totalLiquidityUSD": 742236755.147
  },
  {
    "date": 1715558400,
    "totalLiquidityUSD": 743158097.29509
  },
  {
    "date": 1715644800,
    "totalLiquidityUSD": 735966449.54027
  },
  {
    "date": 1715731200,
    "totalLiquidityUSD": 730274073.37103
  },
  {
    "date": 1715817600,
    "totalLiquidityUSD": 744920553.02488
  },
  {
    "date": 1715904000,
    "totalLiquidityUSD": 741855349.38583
  },
  {
    "date": 1715990400,
    "totalLiquidityUSD": 743510801.35739
  },
  {
    "date": 1716076800,
    "totalLiquidityUSD": 747315997.99489
  },
  {
    "date": 1716163200,
    "totalLiquidityUSD": 742969018.30995
  },
  {
    "date": 1716249600,
    "totalLiquidityUSD": 823925236.38793
  },
  {
    "date": 1716336000,
    "totalLiquidityUSD": 832637223.06711
  },
  {
    "date": 1716422400,
    "totalLiquidityUSD": 819344457.0979
  },
  {
    "date": 1716508800,
    "totalLiquidityUSD": 828040903.81455
  },
  {
    "date": 1716595200,
    "totalLiquidityUSD": 823636604.47224
  },
  {
    "date": 1716681600,
    "totalLiquidityUSD": 829556923.57183
  },
  {
    "date": 1716768000,
    "totalLiquidityUSD": 834020371.36245
  },
  {
    "date": 1716854400,
    "totalLiquidityUSD": 896182325.37829
  },
  {
    "date": 1716940800,
    "totalLiquidityUSD": 896164419.11619
  },
  {
    "date": 1717027200,
    "totalLiquidityUSD": 896881287.56994
  },
  {
    "date": 1717113600,
    "totalLiquidityUSD": 906654617.51727
  },
  {
    "date": 1717200000,
    "totalLiquidityUSD": 909437571.12459
  },
  {
    "date": 1717286400,
    "totalLiquidityUSD": 918826765.81765
  },
  {
    "date": 1717372800,
    "totalLiquidityUSD": 920798664.57974
  },
  {
    "date": 1717459200,
    "totalLiquidityUSD": 914657611.94239
  },
  {
    "date": 1717545600,
    "totalLiquidityUSD": 923619906.43926
  },
  {
    "date": 1717632000,
    "totalLiquidityUSD": 984026706.49453
  },
  {
    "date": 1717718400,
    "totalLiquidityUSD": 977026768.78329
  },
  {
    "date": 1717804800,
    "totalLiquidityUSD": 1028055429.13597
  },
  {
    "date": 1717891200,
    "totalLiquidityUSD": 1027741431.85344
  },
  {
    "date": 1717977600,
    "totalLiquidityUSD": 1028800630.81878
  },
  {
    "date": 1718064000,
    "totalLiquidityUSD": 1030203855.5815
  },
  {
    "date": 1718150400,
    "totalLiquidityUSD": 1023723841.8898
  },
  {
    "date": 1718236800,
    "totalLiquidityUSD": 1034681836.58527
  },
  {
    "date": 1718323200,
    "totalLiquidityUSD": 1021790932.25008
  },
  {
    "date": 1718409600,
    "totalLiquidityUSD": 1021497363.33131
  },
  {
    "date": 1718496000,
    "totalLiquidityUSD": 1035929943.92596
  },
  {
    "date": 1718582400,
    "totalLiquidityUSD": 1049876815.98839
  },
  {
    "date": 1718668800,
    "totalLiquidityUSD": 1039555219.38347
  },
  {
    "date": 1718755200,
    "totalLiquidityUSD": 1039412836.00141
  },
  {
    "date": 1718841600,
    "totalLiquidityUSD": 1055823756.21955
  },
  {
    "date": 1718928000,
    "totalLiquidityUSD": 1058423523.83145
  },
  {
    "date": 1719014400,
    "totalLiquidityUSD": 1041302893.54663
  },
  {
    "date": 1719100800,
    "totalLiquidityUSD": 1040987742.45932
  },
  {
    "date": 1719187200,
    "totalLiquidityUSD": 1034157621.5112
  },
  {
    "date": 1719273600,
    "totalLiquidityUSD": 1022661649.35872
  },
  {
    "date": 1719360000,
    "totalLiquidityUSD": 1028707816.28802
  },
  {
    "date": 1719446400,
    "totalLiquidityUSD": 1029372285.14996
  },
  {
    "date": 1719532800,
    "totalLiquidityUSD": 1047169235.72477
  },
  {
    "date": 1719619200,
    "totalLiquidityUSD": 1049048371.40738
  },
  {
    "date": 1719705600,
    "totalLiquidityUSD": 1051549458.41634
  },
  {
    "date": 1719792000,
    "totalLiquidityUSD": 1061441123.49187
  },
  {
    "date": 1719878400,
    "totalLiquidityUSD": 1073797036.78113
  },
  {
    "date": 1719964800,
    "totalLiquidityUSD": 1064962039.54588
  },
  {
    "date": 1720051200,
    "totalLiquidityUSD": 1044965975.65083
  },
  {
    "date": 1720137600,
    "totalLiquidityUSD": 1032880113.8451
  },
  {
    "date": 1720224000,
    "totalLiquidityUSD": 1013839513.36632
  },
  {
    "date": 1720310400,
    "totalLiquidityUSD": 1030640387.74849
  },
  {
    "date": 1720396800,
    "totalLiquidityUSD": 1018614261.59848
  },
  {
    "date": 1720483200,
    "totalLiquidityUSD": 1023920014.15903
  },
  {
    "date": 1720569600,
    "totalLiquidityUSD": 1029077151.41904
  },
  {
    "date": 1720656000,
    "totalLiquidityUSD": 1041475235.34035
  },
  {
    "date": 1720742400,
    "totalLiquidityUSD": 1047014439.63029
  },
  {
    "date": 1720828800,
    "totalLiquidityUSD": 1055828664.46966
  },
  {
    "date": 1720915200,
    "totalLiquidityUSD": 1066215991.59355
  },
  {
    "date": 1721001600,
    "totalLiquidityUSD": 1080608514.8977
  },
  {
    "date": 1721088000,
    "totalLiquidityUSD": 1119885677.22922
  },
  {
    "date": 1721174400,
    "totalLiquidityUSD": 1110853328.35944
  },
  {
    "date": 1721260800,
    "totalLiquidityUSD": 1097133502.73292
  },
  {
    "date": 1721347200,
    "totalLiquidityUSD": 1089745253.64059
  },
  {
    "date": 1721433600,
    "totalLiquidityUSD": 1100785300.55595
  },
  {
    "date": 1721520000,
    "totalLiquidityUSD": 1103297331.23228
  },
  {
    "date": 1721606400,
    "totalLiquidityUSD": 1101386128.75097
  },
  {
    "date": 1721692800,
    "totalLiquidityUSD": 1086433119.19925
  },
  {
    "date": 1721779200,
    "totalLiquidityUSD": 1086990985.78318
  },
  {
    "date": 1721865600,
    "totalLiquidityUSD": 1025900901.16074
  },
  {
    "date": 1721952000,
    "totalLiquidityUSD": 1017885909.60909
  },
  {
    "date": 1722038400,
    "totalLiquidityUSD": 1044088456.45128
  },
  {
    "date": 1722124800,
    "totalLiquidityUSD": 1051647127.93804
  },
  {
    "date": 1722211200,
    "totalLiquidityUSD": 1057536533.4223
  },
  {
    "date": 1722297600,
    "totalLiquidityUSD": 1061489171.04896
  },
  {
    "date": 1722384000,
    "totalLiquidityUSD": 1061933265.05399
  },
  {
    "date": 1722470400,
    "totalLiquidityUSD": 1051963212.494
  },
  {
    "date": 1722556800,
    "totalLiquidityUSD": 1058056895.25813
  },
  {
    "date": 1722643200,
    "totalLiquidityUSD": 1043197824.33862
  },
  {
    "date": 1722729600,
    "totalLiquidityUSD": 1035370751.72227
  },
  {
    "date": 1722816000,
    "totalLiquidityUSD": 1010140773.90326
  },
  {
    "date": 1722902400,
    "totalLiquidityUSD": 957394867.01916
  },
  {
    "date": 1722988800,
    "totalLiquidityUSD": 999127645.52601
  },
  {
    "date": 1723075200,
    "totalLiquidityUSD": 977351484.02129
  },
  {
    "date": 1723161600,
    "totalLiquidityUSD": 1011483090.23808
  },
  {
    "date": 1723248000,
    "totalLiquidityUSD": 1019107119.8052
  },
  {
    "date": 1723334400,
    "totalLiquidityUSD": 1021575160.24427
  },
  {
    "date": 1723420800,
    "totalLiquidityUSD": 1019236974.06376
  },
  {
    "date": 1723507200,
    "totalLiquidityUSD": 1033062898.99209
  },
  {
    "date": 1723593600,
    "totalLiquidityUSD": 1048693983.23809
  },
  {
    "date": 1723680000,
    "totalLiquidityUSD": 1027616780.54305
  },
  {
    "date": 1723766400,
    "totalLiquidityUSD": 1018886693.27895
  },
  {
    "date": 1723852800,
    "totalLiquidityUSD": 1022520939.28127
  },
  {
    "date": 1723939200,
    "totalLiquidityUSD": 1021662420.179
  },
  {
    "date": 1724025600,
    "totalLiquidityUSD": 1027157941.62705
  },
  {
    "date": 1724112000,
    "totalLiquidityUSD": 953038554.53316
  },
  {
    "date": 1724198400,
    "totalLiquidityUSD": 954685347.30767
  },
  {
    "date": 1724284800,
    "totalLiquidityUSD": 963155573.78864
  },
  {
    "date": 1724371200,
    "totalLiquidityUSD": 964518812.89313
  },
  {
    "date": 1724457600,
    "totalLiquidityUSD": 992629935.14518
  },
  {
    "date": 1724544000,
    "totalLiquidityUSD": 987559935.1325
  },
  {
    "date": 1724630400,
    "totalLiquidityUSD": 994154224.56121
  },
  {
    "date": 1724716800,
    "totalLiquidityUSD": 966647904.02554
  },
  {
    "date": 1724803200,
    "totalLiquidityUSD": 934702089.01423
  },
  {
    "date": 1724889600,
    "totalLiquidityUSD": 939497890.38489
  },
  {
    "date": 1724976000,
    "totalLiquidityUSD": 933618128.19568
  },
  {
    "date": 1725408000,
    "totalLiquidityUSD": 942004765.77953
  },
  {
    "date": 1725494400,
    "totalLiquidityUSD": 948937961.6737
  },
  {
    "date": 1725580800,
    "totalLiquidityUSD": 935391508.90382
  },
  {
    "date": 1725667200,
    "totalLiquidityUSD": 908625294.62608
  },
  {
    "date": 1725753600,
    "totalLiquidityUSD": 914050696.50175
  },
  {
    "date": 1725840000,
    "totalLiquidityUSD": 916318732.67837
  },
  {
    "date": 1725926400,
    "totalLiquidityUSD": 934061902.21732
  },
  {
    "date": 1726012800,
    "totalLiquidityUSD": 935071879.95726
  },
  {
    "date": 1726099200,
    "totalLiquidityUSD": 939573780.48058
  },
  {
    "date": 1726185600,
    "totalLiquidityUSD": 936685656.47464
  },
  {
    "date": 1726272000,
    "totalLiquidityUSD": 950863584.08504
  },
  {
    "date": 1726358400,
    "totalLiquidityUSD": 951298590.13455
  },
  {
    "date": 1726444800,
    "totalLiquidityUSD": 944432336.17719
  },
  {
    "date": 1726531200,
    "totalLiquidityUSD": 935214136.06935
  },
  {
    "date": 1726617600,
    "totalLiquidityUSD": 945887531.22839
  },
  {
    "date": 1726704000,
    "totalLiquidityUSD": 936794241.80661
  },
  {
    "date": 1726790400,
    "totalLiquidityUSD": 962528336.53329
  },
  {
    "date": 1726876800,
    "totalLiquidityUSD": 951773801.32638
  },
  {
    "date": 1726963200,
    "totalLiquidityUSD": 956889463.69784
  },
  {
    "date": 1727049600,
    "totalLiquidityUSD": 965937569.71846
  },
  {
    "date": 1727136000,
    "totalLiquidityUSD": 976098771.71822
  },
  {
    "date": 1727222400,
    "totalLiquidityUSD": 984458167.83247
  },
  {
    "date": 1727308800,
    "totalLiquidityUSD": 979717191.65716
  },
  {
    "date": 1727395200,
    "totalLiquidityUSD": 998092020.60396
  },
  {
    "date": 1727481600,
    "totalLiquidityUSD": 1014416706.49444
  },
  {
    "date": 1727568000,
    "totalLiquidityUSD": 1011648587.13246
  },
  {
    "date": 1727654400,
    "totalLiquidityUSD": 999933472.19621
  },
  {
    "date": 1727740800,
    "totalLiquidityUSD": 995132050.22348
  },
  {
    "date": 1727827200,
    "totalLiquidityUSD": 979793444.53147
  },
  {
    "date": 1727913600,
    "totalLiquidityUSD": 969234902.21871
  },
  {
    "date": 1728000000,
    "totalLiquidityUSD": 952166958.00667
  },
  {
    "date": 1728086400,
    "totalLiquidityUSD": 977444016.97206
  },
  {
    "date": 1728172800,
    "totalLiquidityUSD": 978660639.91785
  },
  {
    "date": 1728259200,
    "totalLiquidityUSD": 981259899.71045
  },
  {
    "date": 1728345600,
    "totalLiquidityUSD": 987192347.09542
  },
  {
    "date": 1728432000,
    "totalLiquidityUSD": 983647959.72749
  },
  {
    "date": 1728518400,
    "totalLiquidityUSD": 974344641.39988
  },
  {
    "date": 1728604800,
    "totalLiquidityUSD": 990102871.87018
  },
  {
    "date": 1728691200,
    "totalLiquidityUSD": 997713224.56922
  },
  {
    "date": 1728777600,
    "totalLiquidityUSD": 1002155508.94883
  },
  {
    "date": 1728864000,
    "totalLiquidityUSD": 998196263.855
  },
  {
    "date": 1728950400,
    "totalLiquidityUSD": 996207057.71078
  },
  {
    "date": 1729036800,
    "totalLiquidityUSD": 993358699.21138
  },
  {
    "date": 1729123200,
    "totalLiquidityUSD": 991631667.03807
  },
  {
    "date": 1729209600,
    "totalLiquidityUSD": 994929402.27719
  },
  {
    "date": 1729296000,
    "totalLiquidityUSD": 1000843775.64169
  },
  {
    "date": 1729382400,
    "totalLiquidityUSD": 1013073550.92971
  },
  {
    "date": 1729468800,
    "totalLiquidityUSD": 1025111135.06668
  },
  {
    "date": 1729555200,
    "totalLiquidityUSD": 1021656355.00208
  },
  {
    "date": 1729641600,
    "totalLiquidityUSD": 1117784518.33063
  },
  {
    "date": 1729728000,
    "totalLiquidityUSD": 1102088726.3902
  },
  {
    "date": 1729814400,
    "totalLiquidityUSD": 1107254454.58843
  },
  {
    "date": 1729900800,
    "totalLiquidityUSD": 1107910759.56435
  },
  {
    "date": 1729987200,
    "totalLiquidityUSD": 1118210058.27359
  },
  {
    "date": 1730073600,
    "totalLiquidityUSD": 1130148717.23479
  },
  {
    "date": 1730160000,
    "totalLiquidityUSD": 1121565434.42285
  },
  {
    "date": 1730246400,
    "totalLiquidityUSD": 1137917188.4642
  },
  {
    "date": 1730332800,
    "totalLiquidityUSD": 1162403530.84373
  },
  {
    "date": 1730419200,
    "totalLiquidityUSD": 1153966063.09143
  },
  {
    "date": 1730505600,
    "totalLiquidityUSD": 1155118045.77174
  },
  {
    "date": 1730592000,
    "totalLiquidityUSD": 1156912521.84607
  },
  {
    "date": 1730678400,
    "totalLiquidityUSD": 1125874793.64162
  },
  {
    "date": 1730764800,
    "totalLiquidityUSD": 1121706072.43302
  },
  {
    "date": 1730851200,
    "totalLiquidityUSD": 1132650337.10251
  },
  {
    "date": 1730937600,
    "totalLiquidityUSD": 1220614223.09095
  },
  {
    "date": 1731024000,
    "totalLiquidityUSD": 1230317442.76975
  },
  {
    "date": 1731110400,
    "totalLiquidityUSD": 1234692735.62863
  },
  {
    "date": 1731196800,
    "totalLiquidityUSD": 1257170987.75795
  },
  {
    "date": 1731283200,
    "totalLiquidityUSD": 1263985632.43208
  },
  {
    "date": 1731369600,
    "totalLiquidityUSD": 1333484056.34061
  },
  {
    "date": 1731456000,
    "totalLiquidityUSD": 1300916692.36762
  },
  {
    "date": 1731542400,
    "totalLiquidityUSD": 1285757815.78854
  },
  {
    "date": 1731628800,
    "totalLiquidityUSD": 1252664121.43627
  },
  {
    "date": 1731715200,
    "totalLiquidityUSD": 1266954007.28328
  },
  {
    "date": 1731801600,
    "totalLiquidityUSD": 1350429769.64913
  },
  {
    "date": 1731888000,
    "totalLiquidityUSD": 1343149910.40467
  },
  {
    "date": 1731974400,
    "totalLiquidityUSD": 1344121990.76521
  },
  {
    "date": 1732060800,
    "totalLiquidityUSD": 1456464071.08083
  },
  {
    "date": 1732147200,
    "totalLiquidityUSD": 1559856931.12608
  },
  {
    "date": 1732233600,
    "totalLiquidityUSD": 1670624402.27088
  },
  {
    "date": 1732320000,
    "totalLiquidityUSD": 1713833232.79227
  },
  {
    "date": 1732406400,
    "totalLiquidityUSD": 1728152286.21345
  },
  {
    "date": 1732492800,
    "totalLiquidityUSD": 1750491858.2389
  },
  {
    "date": 1732579200,
    "totalLiquidityUSD": 1798066141.20557
  },
  {
    "date": 1732665600,
    "totalLiquidityUSD": 1851830248.97315
  },
  {
    "date": 1732752000,
    "totalLiquidityUSD": 1960436588.47933
  },
  {
    "date": 1732838400,
    "totalLiquidityUSD": 1960294698.32925
  },
  {
    "date": 1732924800,
    "totalLiquidityUSD": 1987659397.64424
  },
  {
    "date": 1733011200,
    "totalLiquidityUSD": 2058528589.61682
  },
  {
    "date": 1733097600,
    "totalLiquidityUSD": 2066279148.40583
  },
  {
    "date": 1733184000,
    "totalLiquidityUSD": 2141021818.1386
  },
  {
    "date": 1733270400,
    "totalLiquidityUSD": 2202767877.84802
  },
  {
    "date": 1733356800,
    "totalLiquidityUSD": 2263003913.64268
  },
  {
    "date": 1733443200,
    "totalLiquidityUSD": 2228226572.329
  },
  {
    "date": 1733529600,
    "totalLiquidityUSD": 2352847209.21842
  },
  {
    "date": 1733616000,
    "totalLiquidityUSD": 2390750003.57829
  },
  {
    "date": 1733702400,
    "totalLiquidityUSD": 2422391199.85832
  },
  {
    "date": 1733788800,
    "totalLiquidityUSD": 2364380492.11667
  },
  {
    "date": 1733875200,
    "totalLiquidityUSD": 2367546460.81174
  },
  {
    "date": 1733961600,
    "totalLiquidityUSD": 2456476448.23904
  },
  {
    "date": 1734048000,
    "totalLiquidityUSD": 2523771196.32506
  },
  {
    "date": 1734134400,
    "totalLiquidityUSD": 2546135020.17721
  },
  {
    "date": 1734220800,
    "totalLiquidityUSD": 2583662705.50191
  },
  {
    "date": 1734307200,
    "totalLiquidityUSD": 2611214255.78583
  },
  {
    "date": 1734393600,
    "totalLiquidityUSD": 2683878644.69204
  },
  {
    "date": 1734480000,
    "totalLiquidityUSD": 2689388388.80752
  },
  {
    "date": 1734566400,
    "totalLiquidityUSD": 2623585810.96567
  },
  {
    "date": 1734652800,
    "totalLiquidityUSD": 2697939879.132
  },
  {
    "date": 1734739200,
    "totalLiquidityUSD": 2773176121.9386
  },
  {
    "date": 1734825600,
    "totalLiquidityUSD": 2846048091.3592
  },
  {
    "date": 1734912000,
    "totalLiquidityUSD": 2804928721.64442
  },
  {
    "date": 1734998400,
    "totalLiquidityUSD": 2775514258.82352
  },
  {
    "date": 1735084800,
    "totalLiquidityUSD": 2814266944.94211
  },
  {
    "date": 1735171200,
    "totalLiquidityUSD": 2903732316.77177
  },
  {
    "date": 1735257600,
    "totalLiquidityUSD": 2889919027.38711
  },
  {
    "date": 1735344000,
    "totalLiquidityUSD": 2857396902.94519
  },
  {
    "date": 1735430400,
    "totalLiquidityUSD": 2892309321.20721
  },
  {
    "date": 1735516800,
    "totalLiquidityUSD": 2864050782.53488
  },
  {
    "date": 1735603200,
    "totalLiquidityUSD": 2853852978.07833
  },
  {
    "date": 1735689600,
    "totalLiquidityUSD": 2817966578.27525
  },
  {
    "date": 1735776000,
    "totalLiquidityUSD": 2893223715.7505
  },
  {
    "date": 1735862400,
    "totalLiquidityUSD": 3044969607.19189
  },
  {
    "date": 1735948800,
    "totalLiquidityUSD": 3092548660.19177
  },
  {
    "date": 1736035200,
    "totalLiquidityUSD": 3147604329.02927
  },
  {
    "date": 1736121600,
    "totalLiquidityUSD": 3206498560.92997
  },
  {
    "date": 1736208000,
    "totalLiquidityUSD": 3249411896.28019
  },
  {
    "date": 1736294400,
    "totalLiquidityUSD": 3353298041.6308
  },
  {
    "date": 1736380800,
    "totalLiquidityUSD": 3361356513.46094
  },
  {
    "date": 1736467200,
    "totalLiquidityUSD": 3307387457.17515
  },
  {
    "date": 1736553600,
    "totalLiquidityUSD": 3335363941.13816
  },
  {
    "date": 1736640000,
    "totalLiquidityUSD": 3435423876.47644
  },
  {
    "date": 1736726400,
    "totalLiquidityUSD": 3283742557.90341
  },
  {
    "date": 1736812800,
    "totalLiquidityUSD": 3227019065.3616
  },
  {
    "date": 1736899200,
    "totalLiquidityUSD": 3300820996.74858
  },
  {
    "date": 1736985600,
    "totalLiquidityUSD": 3355793061.60806
  },
  {
    "date": 1737072000,
    "totalLiquidityUSD": 3337347418.5889
  },
  {
    "date": 1737158400,
    "totalLiquidityUSD": 3546262690.62509
  },
  {
    "date": 1737244800,
    "totalLiquidityUSD": 3551364675.93443
  },
  {
    "date": 1737331200,
    "totalLiquidityUSD": 3464373687.15849
  },
  {
    "date": 1737417600,
    "totalLiquidityUSD": 3454891900.35972
  },
  {
    "date": 1737504000,
    "totalLiquidityUSD": 3550289753.15804
  },
  {
    "date": 1737590400,
    "totalLiquidityUSD": 3537247595.16451
  },
  {
    "date": 1737676800,
    "totalLiquidityUSD": 3589921504.49633
  },
  {
    "date": 1737763200,
    "totalLiquidityUSD": 3659628685.6126
  },
  {
    "date": 1737849600,
    "totalLiquidityUSD": 3671031310.80995
  },
  {
    "date": 1737936000,
    "totalLiquidityUSD": 3669074710.03635
  },
  {
    "date": 1738022400,
    "totalLiquidityUSD": 3541209277.61526
  },
  {
    "date": 1738108800,
    "totalLiquidityUSD": 3553510608.02825
  },
  {
    "date": 1738195200,
    "totalLiquidityUSD": 3620987432.74152
  },
  {
    "date": 1738281600,
    "totalLiquidityUSD": 3697751878.47625
  },
  {
    "date": 1738368000,
    "totalLiquidityUSD": 3697161560.67717
  },
  {
    "date": 1738454400,
    "totalLiquidityUSD": 3680380819.59631
  },
  {
    "date": 1738540800,
    "totalLiquidityUSD": 3527511207.96423
  },
  {
    "date": 1738627200,
    "totalLiquidityUSD": 3549634107.83192
  },
  {
    "date": 1738713600,
    "totalLiquidityUSD": 3433139336.63334
  },
  {
    "date": 1738800000,
    "totalLiquidityUSD": 3426420670.02349
  },
  {
    "date": 1738886400,
    "totalLiquidityUSD": 3435159389.45347
  },
  {
    "date": 1738972800,
    "totalLiquidityUSD": 3419879603.03089
  },
  {
    "date": 1739059200,
    "totalLiquidityUSD": 3390598362.82427
  },
  {
    "date": 1739145600,
    "totalLiquidityUSD": 3395654147.48579
  },
  {
    "date": 1739232000,
    "totalLiquidityUSD": 3480270287.11697
  },
  {
    "date": 1739318400,
    "totalLiquidityUSD": 3492685907.21039
  },
  {
    "date": 1739404800,
    "totalLiquidityUSD": 3573878189.34559
  },
  {
    "date": 1739491200,
    "totalLiquidityUSD": 3620871988.31877
  },
  {
    "date": 1739577600,
    "totalLiquidityUSD": 3647101908.40539
  },
  {
    "date": 1739664000,
    "totalLiquidityUSD": 3649528797.23111
  },
  {
    "date": 1739750400,
    "totalLiquidityUSD": 3602669562.19962
  },
  {
    "date": 1739836800,
    "totalLiquidityUSD": 3624439561.74626
  },
  {
    "date": 1739923200,
    "totalLiquidityUSD": 3611075750.49871
  },
  {
    "date": 1740009600,
    "totalLiquidityUSD": 3655603870.22999
  },
  {
    "date": 1740096000,
    "totalLiquidityUSD": 3604635598.35154
  },
  {
    "date": 1740182400,
    "totalLiquidityUSD": 3460391224.92424
  },
  {
    "date": 1740268800,
    "totalLiquidityUSD": 3494112403.95619
  },
  {
    "date": 1740355200,
    "totalLiquidityUSD": 3314517037.73105
  },
  {
    "date": 1740441600,
    "totalLiquidityUSD": 3080116997.74009
  },
  {
    "date": 1740528000,
    "totalLiquidityUSD": 3011867780.11423
  },
  {
    "date": 1740614400,
    "totalLiquidityUSD": 2944388969.43167
  },
  {
    "date": 1740700800,
    "totalLiquidityUSD": 3006052866.85
  },
  {
    "date": 1740787200,
    "totalLiquidityUSD": 3013608072.14342
  },
  {
    "date": 1740873600,
    "totalLiquidityUSD": 3037968511.27088
  },
  {
    "date": 1740960000,
    "totalLiquidityUSD": 3169133233.92797
  },
  {
    "date": 1741046400,
    "totalLiquidityUSD": 3044181653.57323
  },
  {
    "date": 1741132800,
    "totalLiquidityUSD": 3039814035.10321
  },
  {
    "date": 1741219200,
    "totalLiquidityUSD": 3073728373.39686
  },
  {
    "date": 1741305600,
    "totalLiquidityUSD": 3045014357.26311
  },
  {
    "date": 1741392000,
    "totalLiquidityUSD": 3026423182.8135
  },
  {
    "date": 1741478400,
    "totalLiquidityUSD": 3027866174.98419
  },
  {
    "date": 1741564800,
    "totalLiquidityUSD": 2921154642.70803
  },
  {
    "date": 1741651200,
    "totalLiquidityUSD": 2854495402.3327
  },
  {
    "date": 1741737600,
    "totalLiquidityUSD": 2976563101.95974
  },
  {
    "date": 1741824000,
    "totalLiquidityUSD": 2996016487.94798
  },
  {
    "date": 1741910400,
    "totalLiquidityUSD": 2948595277.33049
  },
  {
    "date": 1741996800,
    "totalLiquidityUSD": 2978664095.55626
  },
  {
    "date": 1742083200,
    "totalLiquidityUSD": 2965544427.44626
  },
  {
    "date": 1742169600,
    "totalLiquidityUSD": 2966978971.50211
  },
  {
    "date": 1742256000,
    "totalLiquidityUSD": 2973279371.34665
  },
  {
    "date": 1742342400,
    "totalLiquidityUSD": 2958890937.30171
  },
  {
    "date": 1742428800,
    "totalLiquidityUSD": 3082387503.06508
  },
  {
    "date": 1742515200,
    "totalLiquidityUSD": 2949222110.99123
  },
  {
    "date": 1742601600,
    "totalLiquidityUSD": 2950817370.34669
  },
  {
    "date": 1742688000,
    "totalLiquidityUSD": 2965467613.06924
  },
  {
    "date": 1742774400,
    "totalLiquidityUSD": 3060280191.95984
  },
  {
    "date": 1742860800,
    "totalLiquidityUSD": 3095846631.39735
  },
  {
    "date": 1742947200,
    "totalLiquidityUSD": 3078832136.51435
  },
  {
    "date": 1743033600,
    "totalLiquidityUSD": 3103963438.73538
  },
  {
    "date": 1743120000,
    "totalLiquidityUSD": 3004749396.18574
  },
  {
    "date": 1743206400,
    "totalLiquidityUSD": 2856384492.70105
  },
  {
    "date": 1743292800,
    "totalLiquidityUSD": 2808068809.38556
  },
  {
    "date": 1743379200,
    "totalLiquidityUSD": 2751450364.92288
  },
  {
    "date": 1743465600,
    "totalLiquidityUSD": 2823740601.12218
  },
  {
    "date": 1743552000,
    "totalLiquidityUSD": 2818943892.85801
  },
  {
    "date": 1743638400,
    "totalLiquidityUSD": 2751945563.24493
  },
  {
    "date": 1743724800,
    "totalLiquidityUSD": 2836508171.18506
  },
  {
    "date": 1743811200,
    "totalLiquidityUSD": 2825753514.95396
  },
  {
    "date": 1743897600,
    "totalLiquidityUSD": 2801763222.54507
  },
  {
    "date": 1743984000,
    "totalLiquidityUSD": 2641492207.57511
  },
  {
    "date": 1744070400,
    "totalLiquidityUSD": 2639707284.41169
  },
  {
    "date": 1744156800,
    "totalLiquidityUSD": 2549539413.34347
  },
  {
    "date": 1744243200,
    "totalLiquidityUSD": 2600309537.27235
  },
  {
    "date": 1744329600,
    "totalLiquidityUSD": 2522398405.44023
  },
  {
    "date": 1744416000,
    "totalLiquidityUSD": 2514893274.72592
  },
  {
    "date": 1744502400,
    "totalLiquidityUSD": 2544289655.52962
  },
  {
    "date": 1744588800,
    "totalLiquidityUSD": 2542204838.2944
  },
  {
    "date": 1744675200,
    "totalLiquidityUSD": 2565736555.84277
  },
  {
    "date": 1744761600,
    "totalLiquidityUSD": 2572516980.37951
  },
  {
    "date": 1744848000,
    "totalLiquidityUSD": 2563305945.94273
  },
  {
    "date": 1744934400,
    "totalLiquidityUSD": 2547172600.34945
  },
  {
    "date": 1745020800,
    "totalLiquidityUSD": 2504328423.40622
  },
  {
    "date": 1745107200,
    "totalLiquidityUSD": 2526553963.41615
  },
  {
    "date": 1745193600,
    "totalLiquidityUSD": 2533378749.51806
  },
  {
    "date": 1745280000,
    "totalLiquidityUSD": 2532251693.25107
  },
  {
    "date": 1745366400,
    "totalLiquidityUSD": 2720246867.2832
  },
  {
    "date": 1745452800,
    "totalLiquidityUSD": 2727820505.25813
  },
  {
    "date": 1745539200,
    "totalLiquidityUSD": 2699523010.73377
  },
  {
    "date": 1745625600,
    "totalLiquidityUSD": 2724293417.67669
  },
  {
    "date": 1745712000,
    "totalLiquidityUSD": 2736719819.90076
  },
  {
    "date": 1745798400,
    "totalLiquidityUSD": 2742605708.75568
  },
  {
    "date": 1745884800,
    "totalLiquidityUSD": 2709555624.56873
  },
  {
    "date": 1745971200,
    "totalLiquidityUSD": 2732047397.38014
  },
  {
    "date": 1746057600,
    "totalLiquidityUSD": 2713420600.01936
  },
  {
    "date": 1746144000,
    "totalLiquidityUSD": 2736740896.98339
  },
  {
    "date": 1746230400,
    "totalLiquidityUSD": 2806163952.55286
  },
  {
    "date": 1746316800,
    "totalLiquidityUSD": 2812335690.12965
  },
  {
    "date": 1746403200,
    "totalLiquidityUSD": 2804483760.9965
  },
  {
    "date": 1746489600,
    "totalLiquidityUSD": 2717695763.07564
  },
  {
    "date": 1746576000,
    "totalLiquidityUSD": 2733501739.30954
  },
  {
    "date": 1746662400,
    "totalLiquidityUSD": 2733533449.12798
  },
  {
    "date": 1746748800,
    "totalLiquidityUSD": 2943497369.47052
  },
  {
    "date": 1746835200,
    "totalLiquidityUSD": 3000045520.5154
  },
  {
    "date": 1746921600,
    "totalLiquidityUSD": 3105264143.37279
  },
  {
    "date": 1747008000,
    "totalLiquidityUSD": 3116755649.04148
  },
  {
    "date": 1747094400,
    "totalLiquidityUSD": 3115916095.27503
  },
  {
    "date": 1747180800,
    "totalLiquidityUSD": 3216213954.74558
  },
  {
    "date": 1747267200,
    "totalLiquidityUSD": 3195965977.09844
  },
  {
    "date": 1747353600,
    "totalLiquidityUSD": 3254859626.22118
  },
  {
    "date": 1747440000,
    "totalLiquidityUSD": 3250326499.26101
  },
  {
    "date": 1747526400,
    "totalLiquidityUSD": 3258373091.15238
  },
  {
    "date": 1747612800,
    "totalLiquidityUSD": 3309317244.44127
  },
  {
    "date": 1747699200,
    "totalLiquidityUSD": 3358700016.78593
  },
  {
    "date": 1747785600,
    "totalLiquidityUSD": 3385779337.02933
  },
  {
    "date": 1747872000,
    "totalLiquidityUSD": 3453356594.81868
  },
  {
    "date": 1747958400,
    "totalLiquidityUSD": 3534224614.51147
  },
  {
    "date": 1748044800,
    "totalLiquidityUSD": 3513145894.15208
  },
  {
    "date": 1748131200,
    "totalLiquidityUSD": 3525457013.82438
  },
  {
    "date": 1748217600,
    "totalLiquidityUSD": 3568231900.28118
  },
  {
    "date": 1748304000,
    "totalLiquidityUSD": 3621121408.32636
  },
  {
    "date": 1748390400,
    "totalLiquidityUSD": 3653179262.7445
  },
  {
    "date": 1748476800,
    "totalLiquidityUSD": 3633496184.14136
  },
  {
    "date": 1748563200,
    "totalLiquidityUSD": 3612419295.40372
  },
  {
    "date": 1748649600,
    "totalLiquidityUSD": 3614022763.12615
  },
  {
    "date": 1748736000,
    "totalLiquidityUSD": 3620752559.38081
  },
  {
    "date": 1748822400,
    "totalLiquidityUSD": 3661739118.71698
  },
  {
    "date": 1748908800,
    "totalLiquidityUSD": 3504637047.12577
  },
  {
    "date": 1748995200,
    "totalLiquidityUSD": 3621648725.62137
  },
  {
    "date": 1749081600,
    "totalLiquidityUSD": 3692582141.06201
  },
  {
    "date": 1749168000,
    "totalLiquidityUSD": 3618010940.47608
  },
  {
    "date": 1749254400,
    "totalLiquidityUSD": 3794834179.56309
  },
  {
    "date": 1749340800,
    "totalLiquidityUSD": 3833544674.27157
  },
  {
    "date": 1749427200,
    "totalLiquidityUSD": 3831194353.08095
  },
  {
    "date": 1749513600,
    "totalLiquidityUSD": 3985815880.47711
  },
  {
    "date": 1749600000,
    "totalLiquidityUSD": 4056022396.52201
  },
  {
    "date": 1749686400,
    "totalLiquidityUSD": 4076969703.24148
  },
  {
    "date": 1749772800,
    "totalLiquidityUSD": 3967640056.32579
  },
  {
    "date": 1749859200,
    "totalLiquidityUSD": 3918720515.63677
  },
  {
    "date": 1749945600,
    "totalLiquidityUSD": 3903115372.89541
  },
  {
    "date": 1750032000,
    "totalLiquidityUSD": 3916968291.45362
  },
  {
    "date": 1750118400,
    "totalLiquidityUSD": 3952136447.68528
  },
  {
    "date": 1750204800,
    "totalLiquidityUSD": 4125911979.73211
  },
  {
    "date": 1750291200,
    "totalLiquidityUSD": 4140693826.0165
  },
  {
    "date": 1750377600,
    "totalLiquidityUSD": 4147764341.28024
  },
  {
    "date": 1750464000,
    "totalLiquidityUSD": 4064833973.12427
  },
  {
    "date": 1750550400,
    "totalLiquidityUSD": 4032097939.98835
  },
  {
    "date": 1750636800,
    "totalLiquidityUSD": 3956283054.89069
  },
  {
    "date": 1750723200,
    "totalLiquidityUSD": 4094774161.40644
  },
  {
    "date": 1750809600,
    "totalLiquidityUSD": 4131838963.41259
  },
  {
    "date": 1750896000,
    "totalLiquidityUSD": 4129319977.74939
  },
  {
    "date": 1750982400,
    "totalLiquidityUSD": 4127508070.56539
  },
  {
    "date": 1751068800,
    "totalLiquidityUSD": 4063447412.43762
  },
  {
    "date": 1751155200,
    "totalLiquidityUSD": 4087277656.7222
  },
  {
    "date": 1751241600,
    "totalLiquidityUSD": 4107611765.97607
  },
  {
    "date": 1751328000,
    "totalLiquidityUSD": 4127092084.1175
  },
  {
    "date": 1751414400,
    "totalLiquidityUSD": 4232744513.85212
  },
  {
    "date": 1751500800,
    "totalLiquidityUSD": 4362604778.16796
  },
  {
    "date": 1751587200,
    "totalLiquidityUSD": 4434176639.44187
  },
  {
    "date": 1751673600,
    "totalLiquidityUSD": 4385639328.6376
  },
  {
    "date": 1751760000,
    "totalLiquidityUSD": 4426454892.99896
  },
  {
    "date": 1751846400,
    "totalLiquidityUSD": 4479757893.62193
  },
  {
    "date": 1751932800,
    "totalLiquidityUSD": 4451274770.65985
  },
  {
    "date": 1752019200,
    "totalLiquidityUSD": 4485781676.30418
  },
  {
    "date": 1752105600,
    "totalLiquidityUSD": 4636684874.67443
  },
  {
    "date": 1752192000,
    "totalLiquidityUSD": 4761351854.27779
  },
  {
    "date": 1752278400,
    "totalLiquidityUSD": 4866948083.11218
  },
  {
    "date": 1752364800,
    "totalLiquidityUSD": 4886206345.90353
  },
  {
    "date": 1752451200,
    "totalLiquidityUSD": 4967378975.05884
  },
  {
    "date": 1752537600,
    "totalLiquidityUSD": 4994370794.58505
  },
  {
    "date": 1752624000,
    "totalLiquidityUSD": 4999190019.05125
  },
  {
    "date": 1752710400,
    "totalLiquidityUSD": 5206950507.64339
  },
  {
    "date": 1752796800,
    "totalLiquidityUSD": 5303929938.92205
  },
  {
    "date": 1752883200,
    "totalLiquidityUSD": 5218882134.49629
  },
  {
    "date": 1752969600,
    "totalLiquidityUSD": 5237696331.83105
  },
  {
    "date": 1753056000,
    "totalLiquidityUSD": 5311911481.04991
  }
]
